coin_code,custody_provider_name,name,code
1inch,bitgo,1inch Network,t1inch
aave,bitgo,Aave,taave
algo,bitgo,Algorand,talgo
alpha,bitgo,Alpha Finance Lab,talpha
ape,bitgo,Ape Coin,gterc18dp
audio,bitgo,Audius,taudio
avax,bitgo,Avalanche,tavaxc
axs,bitgo,Axie Infinity,taxsv2
badger,bitgo,Badger DAO,tbadger
bal,bitgo,Balancer,tbal
band,bitgo,Band Protocol,tband
bat,bitgo,Basic Attention Token,tbat
bch,bitgo,Bitcoin Cash,tbch
bnt,bitgo,Bancor,tbnt
btc,bitgo,Bitcoin,tbtc
busd,bitgo,Binance USD,tbusd
cel,bitgo,Celsius,tcel
chz,bitgo,Chiliz,tchz
comp,bitgo,Compound,tcomp
cream,bitgo,Cream Finance,tcream
cro,bitgo,Crypto.com Coin,tcro
crv,bitgo,Curve DAO Token,tcrv
cvc,bitgo,Civic,tcvc
dai,bitgo,Dai,tempdai
dent,bitgo,Dent,tdent
dodo,bitgo,DODO,tdodo
dydx,bitgo,dYdX,tdydx
egld,bitgo,Elrond,tegld
enj,bitgo,Enjin Coin,tenj
eos,bitgo,EOS,teos
eth,bitgo,Ethereum,gteth
ftm,bitgo,Fantom,tftm
ftt,bitgo,FTX Token,tftt
gala,bitgo,Gala,tgala
grt,bitgo,The Graph,tgrt
hbar,bitgo,Hedera,thbar
ht,bitgo,Huobi Token,tht
hxro,bitgo,Hxro,thxro
knc,bitgo,Kyber Network Crystal v2,tknc2
leo,bitgo,UNUS SED LEO,tleo
link,bitgo,Chainlink,tlink
loom,bitgo,Loom Network,tloom1
lrc,bitgo,Loopring,tlrcv2
ltc,bitgo,Litecoin,tltc
mana,bitgo,Decentraland,tmana
matic,bitgo,Polygon,tmatic
mith,bitgo,Mithril,tmith
mkr,bitgo,Maker,tmkr
mtl,bitgo,Metal,tmtl
nexo,bitgo,Nexo,tnexo
omg,bitgo,OMG Network,tomg
orbs,bitgo,Orbs,torbs
oxy,bitgo,Oxygen,toxy
pax,bitgo,Pax Dollar,tpax
paxg,bitgo,PAX Gold,tpaxg
perp,bitgo,Perpetual Protocol,tperp
pundix,bitgo,Pundi X (New),tpundix
reef,bitgo,Reef,treef
rook,bitgo,Keeper DAO,trook
sand,bitgo,The Sandbox,tsand
shib,bitgo,Shiba Inu,tshib
skl,bitgo,SKALE Network,tskale
slp,bitgo,Smooth Love Potion,tslp
snx,bitgo,Synthetix,tsnx
storj,bitgo,Storj,tstorj
sushi,bitgo,SushiSwap,tsushi
sxp,bitgo,SXP,tsxp
tru,bitgo,TrueFi,ttru
trx,bitgo,TRON,ttrx
tusd,bitgo,TrueUSD,ttusd
uni,bitgo,Uniswap,tuni
usdc,bitgo,USD Coin,tusdc
usdt,bitgo,Tether,tusdt
ust,bitgo,Terra USD,tust
wbtc,bitgo,Wrapped Bitcoin,twbtc
xlm,bitgo,Stellar,txlm
xrp,bitgo,XRP,txrp
xtz,bitgo,Tezos,txtz
yfi,bitgo,yearn.finance,tyfi
yfii,bitgo,DFI.Money,tyfii
zrx,bitgo,0x,tzrx
