coin_code,exchange_name,code
1inch,ftx,1inch
aave,ftx,aave
algo,ftx,algo
alpha,ftx,alpha
ape,ftx,ape
audio,ftx,audio
avax,ftx,avax
axs,ftx,axs
badger,ftx,badger
bal,ftx,bal
band,ftx,band
bat,ftx,bat
bch,ftx,bch
bnt,ftx,bnt
btc,ftx,btc
busd,ftx,busd
cel,ftx,cel
chz,ftx,chz
comp,ftx,comp
cream,ftx,cream
cro,ftx,cro
crv,ftx,crv
cvc,ftx,cvc
dai,ftx,mcdai
dent,ftx,dent
dodo,ftx,dodo
dydx,ftx,dydx
egld,ftx,egld
enj,ftx,enj
eos,ftx,eos
eth,ftx,eth
ftm,ftx,ftm
ftt,ftx,ftt
gala,ftx,gala
grt,ftx,grt
hbar,ftx,hbar
ht,ftx,ht
hxro,ftx,hxro
knc,ftx,knc
leo,ftx,leo
link,ftx,link
loom,ftx,loom
lrc,ftx,lrc
ltc,ftx,ltc
mana,ftx,mana
matic,ftx,matic
mith,ftx,mith
mkr,ftx,mkr
mtl,ftx,mtl
nexo,ftx,nexo
omg,ftx,omg
orbs,ftx,orbs
oxy,ftx,oxy
pax,ftx,usdp
paxg,ftx,paxg
perp,ftx,perp
pundix,ftx,pundix
reef,ftx,reef
rook,ftx,rook
sand,ftx,sand
shib,ftx,shib
skl,ftx,skl
slp,ftx,slp
snx,ftx,snx
storj,ftx,storj
sushi,ftx,sushi
sxp,ftx,sxp
tru,ftx,tru
trx,ftx,trx
tusd,ftx,tusd
uni,ftx,uni
usdc,ftx,usdc
usdt,ftx,usdt
ust,ftx,ust
wbtc,ftx,wbtc
xlm,ftx,xlm
xrp,ftx,xrp
xtz,ftx,xtz
yfi,ftx,yfi
yfii,ftx,yfii
zrx,ftx,zrx
