coin_code,exchange_name,code
btc,ftx,btc
eth,ftx,eth
ltc,ftx,ltc
xrp,ftx,xrp
algo,ftx,algo
comp,ftx,comp
shib,ftx,shib
avax,ftx,avax
hbar,ftx,hbar
trx,ftx,trx
xlm,ftx,xlm
bch,ftx,bch
eos,ftx,eos
usdt,ftx,usdt
link,ftx,link
uni,ftx,uni
usdc,ftx,usdc
matic,ftx,matic
axs,ftx,axs
sushi,ftx,sushi
yfi,ftx,yfi
dai,ftx,mcdai
enj,ftx,enj
sand,ftx,sand
mkr,ftx,mkr
crv,ftx,crv
ftm,ftx,ftm
badger,ftx,badger
1inch,ftx,1inch
perp,ftx,perp
cream,ftx,cream
sxp,ftx,sxp
bat,ftx,bat
chz,ftx,chz
zrx,ftx,zrx
snx,ftx,snx
lrc,ftx,lrc
aave,ftx,aave
bnt,ftx,bnt
grt,ftx,grt
busd,ftx,busd
tusd,ftx,tusd
cro,ftx,cro
ftt,ftx,ftt
leo,ftx,leo
ht,ftx,ht
cel,ftx,cel
audio,ftx,audio
band,ftx,band
dodo,ftx,dodo
knc,ftx,knc
bal,ftx,bal
mith,ftx,mith
mtl,ftx,mtl
omg,ftx,omg
storj,ftx,storj
alpha,ftx,alpha
dent,ftx,dent
hxro,ftx,hxro
loom,ftx,loom
orbs,ftx,orbs
paxg,ftx,paxg
slp,ftx,slp
wbtc,ftx,wbtc
yfii,ftx,yfii
xtz,ftx,xtz
egld,ftx,egld
oxy,ftx,oxy
pundix,ftx,pundix
reef,ftx,reef
skl,ftx,skl
mana,ftx,mana
pax,ftx,usdp
ust,ftx,ust
dydx,ftx,dydx
rook,ftx,rook
tru,ftx,tru
cvc,ftx,cvc
ape,ftx,ape
nexo,ftx,nexo
gala,ftx,gala
