coin_code,extension_name,extension_value
1inch,ERC-20,true
1inch,MaxPrecision,18
1inch,Order,46
aave,ERC-20,true
aave,MaxPrecision,18
aave,Order,28
algo,Order,21
alpha,ERC-20,true
alpha,MaxPrecision,18
alpha,Order,70
ape,ERC-20,true
ape,MaxPrecision,18
ape,Order,22
audio,ERC-20,true
audio,MaxPrecision,18
audio,Order,52
avax,Order,9
axs,ERC-20,true
axs,MaxPrecision,18
axs,Order,32
badger,ERC-20,true
badger,MaxPrecision,18
badger,Order,68
bal,ERC-20,true
bal,MaxPrecision,18
bal,Order,73
band,ERC-20,true
band,MaxPrecision,18
band,Order,71
bat,ERC-20,true
bat,MaxPrecision,18
bat,Order,42
bch,Order,18
bnt,ERC-20,true
bnt,MaxPrecision,18
bnt,Order,51
btc,Order,1
busd,ERC-20,true
busd,MaxPrecision,18
busd,Order,6
cel,ERC-20,true
cel,Order,58
chz,ERC-20,true
chz,MaxPrecision,18
chz,Order,39
comp,ERC-20,true
comp,MaxPrecision,18
comp,Order,45
cream,ERC-20,true
cream,MaxPrecision,18
cream,Order,79
cro,ERC-20,true
cro,Order,15
crv,ERC-20,true
crv,MaxPrecision,18
crv,Order,41
cvc,ERC-20,true
cvc,Order,63
dai,ERC-20,true
dai,MaxPrecision,18
dai,Order,10
dent,ERC-20,true
dent,Order,61
dodo,ERC-20,true
dodo,MaxPrecision,18
dodo,Order,77
dydx,ERC-20,true
dydx,MaxPrecision,18
dydx,Order,62
egld,ERC-20,true
egld,MaxPrecision,18
egld,Order,26
enj,ERC-20,true
enj,MaxPrecision,18
enj,Order,43
eos,Order,29
eth,MaxPrecision,18
eth,Order,2
ftm,ERC-20,true
ftm,MaxPrecision,18
ftm,Order,35
ftt,ERC-20,true
ftt,MaxPrecision,18
ftt,Order,17
gala,ERC-20,true
gala,Order,44
grt,ERC-20,true
grt,MaxPrecision,18
grt,Order,34
hbar,Order,23
ht,ERC-20,true
ht,MaxPrecision,18
ht,Order,33
hxro,ERC-20,true
hxro,MaxPrecision,18
hxro,Order,64
knc,ERC-20,true
knc,MaxPrecision,18
knc,Order,47
leo,ERC-20,true
leo,MaxPrecision,18
leo,Order,13
link,ERC-20,true
link,MaxPrecision,18
link,Order,20
loom,ERC-20,true
loom,MaxPrecision,18
loom,Order,69
lrc,ERC-20,true
lrc,MaxPrecision,18
lrc,Order,38
ltc,Order,14
mana,ERC-20,true
mana,MaxPrecision,18
mana,Order,24
matic,ERC-20,true
matic,MaxPrecision,18
matic,Order,12
mith,ERC-20,true
mith,MaxPrecision,18
mith,Order,78
mkr,ERC-20,true
mkr,MaxPrecision,18
mkr,Order,30
mtl,ERC-20,true
mtl,Order,66
nexo,ERC-20,true
nexo,MaxPrecision,18
nexo,Order,37
omg,ERC-20,true
omg,MaxPrecision,18
omg,Order,48
orbs,ERC-20,true
orbs,MaxPrecision,18
orbs,Order,59
oxy,ERC-20,true
oxy,Order,80
pax,ERC-20,true
pax,MaxPrecision,18
pax,Order,36
paxg,ERC-20,true
paxg,MaxPrecision,18
paxg,Order,40
perp,ERC-20,true
perp,MaxPrecision,18
perp,Order,65
pundix,ERC-20,true
pundix,MaxPrecision,18
pundix,Order,60
reef,ERC-20,true
reef,MaxPrecision,18
reef,Order,67
rook,ERC-20,true
rook,MaxPrecision,18
rook,Order,75
sand,ERC-20,true
sand,MaxPrecision,18
sand,Order,27
shib,ERC-20,true
shib,MaxPrecision,18
shib,Order,11
skl,ERC-20,true
skl,MaxPrecision,18
skl,Order,55
slp,ERC-20,true
slp,Order,74
snx,ERC-20,true
snx,MaxPrecision,18
snx,Order,50
storj,ERC-20,true
storj,Order,56
sushi,ERC-20,true
sushi,MaxPrecision,18
sushi,Order,57
sxp,ERC-20,true
sxp,MaxPrecision,18
sxp,Order,54
tru,ERC-20,true
tru,Order,72
trx,Order,8
tusd,ERC-20,true
tusd,MaxPrecision,18
tusd,Order,31
uni,ERC-20,true
uni,MaxPrecision,18
uni,Order,16
usdc,ERC-20,true
usdc,Order,4
usdt,ERC-20,true
usdt,Order,3
wbtc,ERC-20,true
wbtc,Order,7
xlm,Order,19
xrp,Order,5
xtz,Order,25
yfi,ERC-20,true
yfi,MaxPrecision,18
yfi,Order,53
yfii,ERC-20,true
yfii,MaxPrecision,18
yfii,Order,76
zrx,ERC-20,true
zrx,MaxPrecision,18
zrx,Order,49
