coin_code,custody_provider_name,name,code
1inch,bitgo,1inch Network,1inch
aave,bitgo,Aave,aave
algo,bitgo,Algorand,algo
alpha,bitgo,Alpha Finance Lab,alpha
ape,bitgo,Ape Coin,ape
audio,bitgo,Audius,audio
avax,bitgo,Avalanche,avaxc
axs,bitgo,Axie Infinity,axsv2
badger,bitgo,Badger DAO,badger
bal,bitgo,Balancer,bal
band,bitgo,Band Protocol,band
bat,bitgo,Basic Attention Token,bat
bch,bitgo,Bitcoin Cash,bch
bnt,bitgo,Bancor,bnt
btc,bitgo,Bitcoin,btc
busd,bitgo,Binance USD,busd
cel,bitgo,Celsius,cel
chz,bitgo,Chiliz,chz
comp,bitgo,Compound,comp
cream,bitgo,Cream Finance,cream
cro,bitgo,Crypto.com Coin,cro
crv,bitgo,Curve DAO Token,crv
cvc,bitgo,Civic,cvc
dai,bitgo,Dai,dai
dent,bitgo,Dent,dent
dodo,bitgo,DODO,dodo
dydx,bitgo,dYdX,dydx
egld,bitgo,Elrond,egld
enj,bitgo,Enjin Coin,enj
eos,bitgo,EOS,eos
eth,bitgo,Ethereum,eth
ftm,bitgo,Fantom,ftm
ftt,bitgo,FTX Token,ftt
gala,bitgo,Gala,gala
grt,bitgo,The Graph,grt
hbar,bitgo,Hedera,hbar
ht,bitgo,Huobi Token,ht
hxro,bitgo,Hxro,hxro
knc,bitgo,Kyber Network Crystal v2,knc2
leo,bitgo,UNUS SED LEO,leo
link,bitgo,Chainlink,link
loom,bitgo,Loom Network,loom1
lrc,bitgo,Loopring,lrcv2
ltc,bitgo,Litecoin,ltc
mana,bitgo,Decentraland,mana
matic,bitgo,Polygon,matic
mith,bitgo,Mithril,mith
mkr,bitgo,Maker,mkr
mtl,bitgo,Metal,mtl
nexo,bitgo,Nexo,nexo
omg,bitgo,OMG Network,omg
orbs,bitgo,Orbs,orbs
oxy,bitgo,Oxygen,oxy
pax,bitgo,Pax Dollar,pax
paxg,bitgo,PAX Gold,paxg
perp,bitgo,Perpetual Protocol,perp
pundix,bitgo,Pundi X (New),pundix
reef,bitgo,Reef,reef
rook,bitgo,Keeper DAO,rook
sand,bitgo,The Sandbox,sand
shib,bitgo,Shiba Inu,shib
skl,bitgo,SKALE Network,skale
slp,bitgo,Smooth Love Potion,slp
snx,bitgo,Synthetix,snx
storj,bitgo,Storj,storj
sushi,bitgo,SushiSwap,sushi
sxp,bitgo,SXP,sxp
tru,bitgo,TrueFi,tru
trx,bitgo,TRON,trx
tusd,bitgo,TrueUSD,tusd
uni,bitgo,Uniswap,uni
usdc,bitgo,USD Coin,usdc
usdt,bitgo,Tether,usdt
wbtc,bitgo,Wrapped Bitcoin,wbtc
xlm,bitgo,Stellar,xlm
xrp,bitgo,XRP,xrp
xtz,bitgo,Tezos,xtz
yfi,bitgo,yearn.finance,yfi
yfii,bitgo,DFI.Money,yfii
zrx,bitgo,0x,zrx
