coin_code,jurisdiction,status
1inch,bhr,listed
1inch,kwt,draft
1inch,omn,draft
1inch,pk,archived
1inch,sau,draft
1inch,tur,listed
1inch,uae,draft
aave,bhr,listed
aave,kwt,draft
aave,omn,draft
aave,pk,archived
aave,sau,draft
aave,tur,listed
aave,uae,draft
algo,bhr,listed
algo,kwt,draft
algo,omn,draft
algo,pk,archived
algo,sau,draft
algo,tur,listed
algo,uae,draft
alpha,bhr,listed
alpha,kwt,draft
alpha,omn,draft
alpha,pk,archived
alpha,sau,draft
alpha,tur,listed
alpha,uae,draft
ape,bhr,draft
ape,kwt,draft
ape,omn,draft
ape,pk,draft
ape,sau,draft
ape,tur,listed
ape,uae,draft
audio,bhr,listed
audio,kwt,draft
audio,omn,draft
audio,pk,archived
audio,sau,draft
audio,tur,listed
audio,uae,draft
avax,bhr,published
avax,kwt,draft
avax,omn,draft
avax,pk,archived
avax,sau,draft
avax,tur,published
avax,uae,draft
axs,bhr,listed
axs,kwt,draft
axs,omn,draft
axs,pk,archived
axs,sau,draft
axs,tur,listed
axs,uae,draft
badger,bhr,listed
badger,kwt,draft
badger,omn,draft
badger,pk,archived
badger,sau,draft
badger,tur,listed
badger,uae,draft
bal,bhr,listed
bal,kwt,draft
bal,omn,draft
bal,pk,archived
bal,sau,draft
bal,tur,listed
bal,uae,draft
band,bhr,listed
band,kwt,draft
band,omn,draft
band,pk,archived
band,sau,draft
band,tur,listed
band,uae,draft
bat,bhr,listed
bat,kwt,draft
bat,omn,draft
bat,pk,archived
bat,sau,draft
bat,tur,listed
bat,uae,draft
bch,bhr,listed
bch,kwt,draft
bch,omn,draft
bch,pk,archived
bch,sau,draft
bch,tur,listed
bch,uae,draft
bnt,bhr,listed
bnt,kwt,draft
bnt,omn,draft
bnt,pk,archived
bnt,sau,draft
bnt,tur,listed
bnt,uae,draft
btc,bhr,listed
btc,kwt,listed
btc,omn,listed
btc,pk,archived
btc,sau,listed
btc,tur,listed
btc,uae,listed
busd,bhr,listed
busd,kwt,draft
busd,omn,draft
busd,pk,archived
busd,sau,draft
busd,tur,listed
busd,uae,draft
cel,bhr,listed
cel,kwt,draft
cel,omn,draft
cel,pk,archived
cel,sau,draft
cel,tur,listed
cel,uae,draft
chz,bhr,listed
chz,kwt,draft
chz,omn,draft
chz,pk,archived
chz,sau,draft
chz,tur,listed
chz,uae,draft
comp,bhr,listed
comp,kwt,draft
comp,omn,draft
comp,pk,archived
comp,sau,draft
comp,tur,listed
comp,uae,draft
cream,bhr,listed
cream,kwt,draft
cream,omn,draft
cream,pk,archived
cream,sau,draft
cream,tur,listed
cream,uae,draft
cro,bhr,listed
cro,kwt,draft
cro,omn,draft
cro,pk,archived
cro,sau,draft
cro,tur,listed
cro,uae,draft
crv,bhr,listed
crv,kwt,draft
crv,omn,draft
crv,pk,archived
crv,sau,draft
crv,tur,listed
crv,uae,draft
cvc,bhr,draft
cvc,kwt,draft
cvc,omn,draft
cvc,pk,draft
cvc,sau,draft
cvc,tur,listed
cvc,uae,draft
dai,bhr,published
dai,kwt,draft
dai,omn,draft
dai,pk,archived
dai,sau,draft
dai,tur,published
dai,uae,draft
dent,bhr,listed
dent,kwt,draft
dent,omn,draft
dent,pk,archived
dent,sau,draft
dent,tur,listed
dent,uae,draft
dodo,bhr,listed
dodo,kwt,draft
dodo,omn,draft
dodo,pk,archived
dodo,sau,draft
dodo,tur,listed
dodo,uae,draft
dydx,bhr,draft
dydx,kwt,draft
dydx,omn,draft
dydx,pk,draft
dydx,sau,draft
dydx,tur,listed
dydx,uae,draft
egld,bhr,published
egld,kwt,draft
egld,omn,draft
egld,pk,archived
egld,sau,draft
egld,tur,listed
egld,uae,draft
enj,bhr,listed
enj,kwt,draft
enj,omn,draft
enj,pk,archived
enj,sau,draft
enj,tur,listed
enj,uae,draft
eos,bhr,listed
eos,kwt,draft
eos,omn,draft
eos,pk,archived
eos,sau,draft
eos,tur,published
eos,uae,draft
eth,bhr,listed
eth,kwt,listed
eth,omn,listed
eth,pk,archived
eth,sau,listed
eth,tur,listed
eth,uae,listed
ftm,bhr,listed
ftm,kwt,draft
ftm,omn,draft
ftm,pk,archived
ftm,sau,draft
ftm,tur,listed
ftm,uae,draft
ftt,bhr,listed
ftt,kwt,draft
ftt,omn,draft
ftt,pk,archived
ftt,sau,draft
ftt,tur,listed
ftt,uae,draft
gala,bhr,draft
gala,kwt,draft
gala,omn,draft
gala,pk,draft
gala,sau,draft
gala,tur,listed
gala,uae,draft
grt,bhr,listed
grt,kwt,draft
grt,omn,draft
grt,pk,archived
grt,sau,draft
grt,tur,listed
grt,uae,draft
hbar,bhr,published
hbar,kwt,draft
hbar,omn,draft
hbar,pk,archived
hbar,sau,draft
hbar,tur,published
hbar,uae,draft
ht,bhr,listed
ht,kwt,draft
ht,omn,draft
ht,pk,archived
ht,sau,draft
ht,tur,listed
ht,uae,draft
hxro,bhr,listed
hxro,kwt,draft
hxro,omn,draft
hxro,pk,archived
hxro,sau,draft
hxro,tur,listed
hxro,uae,draft
knc,bhr,listed
knc,kwt,draft
knc,omn,draft
knc,pk,archived
knc,sau,draft
knc,tur,listed
knc,uae,draft
leo,bhr,listed
leo,kwt,draft
leo,omn,draft
leo,pk,archived
leo,sau,draft
leo,tur,listed
leo,uae,draft
link,bhr,listed
link,kwt,listed
link,omn,listed
link,pk,archived
link,sau,listed
link,tur,listed
link,uae,listed
loom,bhr,listed
loom,kwt,draft
loom,omn,draft
loom,pk,archived
loom,sau,draft
loom,tur,listed
loom,uae,draft
lrc,bhr,listed
lrc,kwt,draft
lrc,omn,draft
lrc,pk,archived
lrc,sau,draft
lrc,tur,listed
lrc,uae,draft
ltc,bhr,listed
ltc,kwt,listed
ltc,omn,listed
ltc,pk,archived
ltc,sau,listed
ltc,tur,listed
ltc,uae,listed
mana,bhr,listed
mana,kwt,draft
mana,omn,draft
mana,pk,archived
mana,sau,draft
mana,tur,listed
mana,uae,draft
matic,bhr,listed
matic,kwt,draft
matic,omn,draft
matic,pk,archived
matic,sau,draft
matic,tur,listed
matic,uae,draft
mith,bhr,listed
mith,kwt,draft
mith,omn,draft
mith,pk,archived
mith,sau,draft
mith,tur,listed
mith,uae,draft
mkr,bhr,listed
mkr,kwt,draft
mkr,omn,draft
mkr,pk,archived
mkr,sau,draft
mkr,tur,listed
mkr,uae,draft
mtl,bhr,listed
mtl,kwt,draft
mtl,omn,draft
mtl,pk,archived
mtl,sau,draft
mtl,tur,listed
mtl,uae,draft
nexo,bhr,draft
nexo,kwt,draft
nexo,omn,draft
nexo,pk,draft
nexo,sau,draft
nexo,tur,listed
nexo,uae,draft
omg,bhr,listed
omg,kwt,draft
omg,omn,draft
omg,pk,archived
omg,sau,draft
omg,tur,listed
omg,uae,draft
orbs,bhr,listed
orbs,kwt,draft
orbs,omn,draft
orbs,pk,archived
orbs,sau,draft
orbs,tur,listed
orbs,uae,draft
oxy,bhr,published
oxy,kwt,draft
oxy,omn,draft
oxy,pk,archived
oxy,sau,draft
oxy,tur,listed
oxy,uae,draft
pax,bhr,listed
pax,kwt,draft
pax,omn,draft
pax,pk,archived
pax,sau,draft
pax,tur,listed
pax,uae,draft
paxg,bhr,listed
paxg,kwt,draft
paxg,omn,draft
paxg,pk,archived
paxg,sau,draft
paxg,tur,listed
paxg,uae,draft
perp,bhr,listed
perp,kwt,draft
perp,omn,draft
perp,pk,archived
perp,sau,draft
perp,tur,listed
perp,uae,draft
pundix,bhr,archived
pundix,kwt,draft
pundix,omn,draft
pundix,pk,archived
pundix,sau,draft
pundix,tur,archived
pundix,uae,draft
reef,bhr,listed
reef,kwt,draft
reef,omn,draft
reef,pk,archived
reef,sau,draft
reef,tur,listed
reef,uae,draft
rook,bhr,draft
rook,kwt,draft
rook,omn,draft
rook,pk,draft
rook,sau,draft
rook,tur,listed
rook,uae,draft
sand,bhr,listed
sand,kwt,draft
sand,omn,draft
sand,pk,archived
sand,sau,draft
sand,tur,listed
sand,uae,draft
shib,bhr,listed
shib,kwt,draft
shib,omn,draft
shib,pk,archived
shib,sau,draft
shib,tur,listed
shib,uae,draft
skl,bhr,listed
skl,kwt,draft
skl,omn,draft
skl,pk,archived
skl,sau,draft
skl,tur,listed
skl,uae,draft
slp,bhr,listed
slp,kwt,draft
slp,omn,draft
slp,pk,archived
slp,sau,draft
slp,tur,listed
slp,uae,draft
snx,bhr,listed
snx,kwt,draft
snx,omn,draft
snx,pk,archived
snx,sau,draft
snx,tur,listed
snx,uae,draft
storj,bhr,listed
storj,kwt,draft
storj,omn,draft
storj,pk,archived
storj,sau,draft
storj,tur,listed
storj,uae,draft
sushi,bhr,listed
sushi,kwt,draft
sushi,omn,draft
sushi,pk,archived
sushi,sau,draft
sushi,tur,listed
sushi,uae,draft
sxp,bhr,listed
sxp,kwt,draft
sxp,omn,draft
sxp,pk,archived
sxp,sau,draft
sxp,tur,listed
sxp,uae,draft
tru,bhr,draft
tru,kwt,draft
tru,omn,draft
tru,pk,draft
tru,sau,draft
tru,tur,listed
tru,uae,draft
trx,bhr,archived
trx,kwt,draft
trx,omn,draft
trx,pk,archived
trx,sau,draft
trx,tur,archived
trx,uae,draft
tusd,bhr,listed
tusd,kwt,draft
tusd,omn,draft
tusd,pk,archived
tusd,sau,draft
tusd,tur,listed
tusd,uae,draft
uni,bhr,listed
uni,kwt,draft
uni,omn,draft
uni,pk,archived
uni,sau,draft
uni,tur,listed
uni,uae,draft
usdc,bhr,listed
usdc,kwt,draft
usdc,omn,draft
usdc,pk,archived
usdc,sau,draft
usdc,tur,listed
usdc,uae,draft
usdt,bhr,listed
usdt,kwt,listed
usdt,omn,listed
usdt,pk,archived
usdt,sau,listed
usdt,tur,listed
usdt,uae,listed
wbtc,bhr,listed
wbtc,kwt,draft
wbtc,omn,draft
wbtc,pk,archived
wbtc,sau,draft
wbtc,tur,listed
wbtc,uae,draft
xlm,bhr,published
xlm,kwt,draft
xlm,omn,draft
xlm,pk,archived
xlm,sau,draft
xlm,tur,published
xlm,uae,draft
xrp,bhr,listed
xrp,kwt,listed
xrp,omn,listed
xrp,pk,archived
xrp,sau,listed
xrp,tur,listed
xrp,uae,listed
xtz,bhr,published
xtz,kwt,draft
xtz,omn,draft
xtz,pk,archived
xtz,sau,draft
xtz,tur,published
xtz,uae,draft
yfi,bhr,listed
yfi,kwt,draft
yfi,omn,draft
yfi,pk,archived
yfi,sau,draft
yfi,tur,listed
yfi,uae,draft
yfii,bhr,listed
yfii,kwt,draft
yfii,omn,draft
yfii,pk,archived
yfii,sau,draft
yfii,tur,listed
yfii,uae,draft
zrx,bhr,listed
zrx,kwt,draft
zrx,omn,draft
zrx,pk,archived
zrx,sau,draft
zrx,tur,listed
zrx,uae,draft
