coin_code,jurisdiction,status
xrp,bhr,listed
link,bhr,listed
usdt,bhr,listed
ltc,bhr,listed
eth,bhr,listed
btc,bhr,listed
xrp,uae,listed
link,uae,listed
usdt,uae,listed
ltc,uae,listed
eth,uae,listed
btc,uae,listed
xrp,kwt,listed
link,kwt,listed
usdt,kwt,listed
ltc,kwt,listed
eth,kwt,listed
btc,kwt,listed
xrp,sau,listed
link,sau,listed
usdt,sau,listed
ltc,sau,listed
eth,sau,listed
btc,sau,listed
xrp,omn,listed
link,omn,listed
usdt,omn,listed
ltc,omn,listed
eth,omn,listed
btc,omn,listed
xrp,tur,listed
link,tur,listed
usdt,tur,listed
ltc,tur,listed
eth,tur,listed
btc,tur,listed
xrp,pk,archived
link,pk,archived
usdt,pk,archived
ltc,pk,archived
eth,pk,archived
btc,pk,archived
algo,bhr,draft
comp,bhr,draft
shib,bhr,draft
avax,bhr,draft
hbar,bhr,draft
trx,bhr,draft
xlm,bhr,draft
bch,bhr,draft
eos,bhr,draft
uni,bhr,draft
usdc,bhr,draft
matic,bhr,draft
axs,bhr,draft
sushi,bhr,draft
yfi,bhr,draft
dai,bhr,draft
enj,bhr,draft
sand,bhr,draft
mkr,bhr,draft
crv,bhr,draft
ftm,bhr,draft
badger,bhr,draft
1inch,bhr,draft
perp,bhr,draft
cream,bhr,draft
sxp,bhr,draft
bat,bhr,draft
chz,bhr,draft
zrx,bhr,draft
snx,bhr,draft
lrc,bhr,draft
aave,bhr,draft
bnt,bhr,draft
grt,bhr,draft
busd,bhr,draft
tusd,bhr,draft
cro,bhr,draft
ftt,bhr,draft
leo,bhr,draft
ht,bhr,draft
cel,bhr,draft
audio,bhr,draft
band,bhr,draft
dodo,bhr,draft
knc,bhr,draft
bal,bhr,draft
mith,bhr,draft
mtl,bhr,draft
omg,bhr,draft
storj,bhr,draft
alpha,bhr,draft
dent,bhr,draft
hxro,bhr,draft
loom,bhr,draft
orbs,bhr,draft
paxg,bhr,draft
slp,bhr,draft
wbtc,bhr,draft
yfii,bhr,draft
xtz,bhr,draft
egld,bhr,draft
oxy,bhr,draft
pundix,bhr,draft
algo,uae,draft
comp,uae,draft
shib,uae,draft
avax,uae,draft
hbar,uae,draft
trx,uae,draft
xlm,uae,draft
bch,uae,draft
eos,uae,draft
uni,uae,draft
usdc,uae,draft
matic,uae,draft
axs,uae,draft
sushi,uae,draft
yfi,uae,draft
dai,uae,draft
enj,uae,draft
sand,uae,draft
mkr,uae,draft
crv,uae,draft
ftm,uae,draft
badger,uae,draft
1inch,uae,draft
perp,uae,draft
cream,uae,draft
sxp,uae,draft
bat,uae,draft
chz,uae,draft
zrx,uae,draft
snx,uae,draft
lrc,uae,draft
aave,uae,draft
bnt,uae,draft
grt,uae,draft
busd,uae,draft
tusd,uae,draft
cro,uae,draft
ftt,uae,draft
leo,uae,draft
ht,uae,draft
cel,uae,draft
audio,uae,draft
band,uae,draft
dodo,uae,draft
knc,uae,draft
bal,uae,draft
mith,uae,draft
mtl,uae,draft
omg,uae,draft
storj,uae,draft
alpha,uae,draft
dent,uae,draft
hxro,uae,draft
loom,uae,draft
orbs,uae,draft
paxg,uae,draft
slp,uae,draft
wbtc,uae,draft
yfii,uae,draft
xtz,uae,draft
egld,uae,draft
oxy,uae,draft
pundix,uae,draft
algo,kwt,draft
comp,kwt,draft
shib,kwt,draft
avax,kwt,draft
hbar,kwt,draft
trx,kwt,draft
xlm,kwt,draft
bch,kwt,draft
eos,kwt,draft
uni,kwt,draft
usdc,kwt,draft
matic,kwt,draft
axs,kwt,draft
sushi,kwt,draft
yfi,kwt,draft
dai,kwt,draft
enj,kwt,draft
sand,kwt,draft
mkr,kwt,draft
crv,kwt,draft
ftm,kwt,draft
badger,kwt,draft
1inch,kwt,draft
perp,kwt,draft
cream,kwt,draft
sxp,kwt,draft
bat,kwt,draft
chz,kwt,draft
zrx,kwt,draft
snx,kwt,draft
lrc,kwt,draft
aave,kwt,draft
bnt,kwt,draft
grt,kwt,draft
busd,kwt,draft
tusd,kwt,draft
cro,kwt,draft
ftt,kwt,draft
leo,kwt,draft
ht,kwt,draft
cel,kwt,draft
audio,kwt,draft
band,kwt,draft
dodo,kwt,draft
knc,kwt,draft
bal,kwt,draft
mith,kwt,draft
mtl,kwt,draft
omg,kwt,draft
storj,kwt,draft
alpha,kwt,draft
dent,kwt,draft
hxro,kwt,draft
loom,kwt,draft
orbs,kwt,draft
paxg,kwt,draft
slp,kwt,draft
wbtc,kwt,draft
yfii,kwt,draft
xtz,kwt,draft
egld,kwt,draft
oxy,kwt,draft
pundix,kwt,draft
algo,sau,draft
comp,sau,draft
shib,sau,draft
avax,sau,draft
hbar,sau,draft
trx,sau,draft
xlm,sau,draft
bch,sau,draft
eos,sau,draft
uni,sau,draft
usdc,sau,draft
matic,sau,draft
axs,sau,draft
sushi,sau,draft
yfi,sau,draft
dai,sau,draft
enj,sau,draft
sand,sau,draft
mkr,sau,draft
crv,sau,draft
ftm,sau,draft
badger,sau,draft
1inch,sau,draft
perp,sau,draft
cream,sau,draft
sxp,sau,draft
bat,sau,draft
chz,sau,draft
zrx,sau,draft
snx,sau,draft
lrc,sau,draft
aave,sau,draft
bnt,sau,draft
grt,sau,draft
busd,sau,draft
tusd,sau,draft
cro,sau,draft
ftt,sau,draft
leo,sau,draft
ht,sau,draft
cel,sau,draft
audio,sau,draft
band,sau,draft
dodo,sau,draft
knc,sau,draft
bal,sau,draft
mith,sau,draft
mtl,sau,draft
omg,sau,draft
storj,sau,draft
alpha,sau,draft
dent,sau,draft
hxro,sau,draft
loom,sau,draft
orbs,sau,draft
paxg,sau,draft
slp,sau,draft
wbtc,sau,draft
yfii,sau,draft
xtz,sau,draft
egld,sau,draft
oxy,sau,draft
pundix,sau,draft
algo,omn,draft
comp,omn,draft
shib,omn,draft
avax,omn,draft
hbar,omn,draft
trx,omn,draft
xlm,omn,draft
bch,omn,draft
eos,omn,draft
uni,omn,draft
usdc,omn,draft
matic,omn,draft
axs,omn,draft
sushi,omn,draft
yfi,omn,draft
dai,omn,draft
enj,omn,draft
sand,omn,draft
mkr,omn,draft
crv,omn,draft
ftm,omn,draft
badger,omn,draft
1inch,omn,draft
perp,omn,draft
cream,omn,draft
sxp,omn,draft
bat,omn,draft
chz,omn,draft
zrx,omn,draft
snx,omn,draft
lrc,omn,draft
aave,omn,draft
bnt,omn,draft
grt,omn,draft
busd,omn,draft
tusd,omn,draft
cro,omn,draft
ftt,omn,draft
leo,omn,draft
ht,omn,draft
cel,omn,draft
audio,omn,draft
band,omn,draft
dodo,omn,draft
knc,omn,draft
bal,omn,draft
mith,omn,draft
mtl,omn,draft
omg,omn,draft
storj,omn,draft
alpha,omn,draft
dent,omn,draft
hxro,omn,draft
loom,omn,draft
orbs,omn,draft
paxg,omn,draft
slp,omn,draft
wbtc,omn,draft
yfii,omn,draft
xtz,omn,draft
egld,omn,draft
oxy,omn,draft
pundix,omn,draft
usdc,tur,listed
xlm,tur,published
trx,tur,archived
avax,tur,published
matic,tur,listed
axs,tur,listed
sushi,tur,listed
dai,tur,published
badger,tur,listed
algo,pk,archived
comp,pk,archived
shib,pk,archived
avax,pk,archived
hbar,pk,archived
trx,pk,archived
xlm,pk,archived
bch,pk,archived
eos,pk,archived
uni,pk,archived
usdc,pk,archived
matic,pk,archived
axs,pk,archived
sushi,pk,archived
yfi,pk,archived
dai,pk,archived
enj,pk,archived
sand,pk,archived
mkr,pk,archived
crv,pk,archived
ftm,pk,archived
badger,pk,archived
1inch,pk,archived
perp,pk,archived
cream,pk,archived
sxp,pk,archived
bat,pk,archived
chz,pk,archived
zrx,pk,archived
snx,pk,archived
lrc,pk,archived
aave,pk,archived
bnt,pk,archived
grt,pk,archived
busd,pk,archived
tusd,pk,archived
cro,pk,archived
ftt,pk,archived
leo,pk,archived
ht,pk,archived
cel,pk,archived
audio,pk,archived
band,pk,archived
dodo,pk,archived
knc,pk,archived
bal,pk,archived
mith,pk,archived
mtl,pk,archived
omg,pk,archived
storj,pk,archived
alpha,pk,archived
dent,pk,archived
hxro,pk,archived
loom,pk,archived
orbs,pk,archived
paxg,pk,archived
slp,pk,archived
wbtc,pk,archived
yfii,pk,archived
xtz,pk,archived
egld,pk,archived
oxy,pk,archived
pundix,pk,archived
reef,bhr,draft
skl,bhr,draft
mana,bhr,draft
pax,bhr,draft
reef,uae,draft
skl,uae,draft
mana,uae,draft
pax,uae,draft
reef,sau,draft
skl,sau,draft
mana,sau,draft
pax,sau,draft
reef,omn,draft
skl,omn,draft
mana,omn,draft
pax,omn,draft
reef,kwt,draft
skl,kwt,draft
mana,kwt,draft
pax,kwt,draft
reef,pk,archived
skl,pk,archived
mana,pk,archived
pax,pk,archived
eos,tur,published
xtz,tur,published
yfi,tur,listed
enj,tur,listed
sand,tur,listed
mkr,tur,listed
crv,tur,listed
ftm,tur,listed
1inch,tur,listed
perp,tur,listed
cream,tur,listed
sxp,tur,listed
bat,tur,listed
chz,tur,listed
zrx,tur,listed
snx,tur,listed
lrc,tur,listed
aave,tur,listed
bnt,tur,listed
cel,tur,listed
oxy,tur,listed
hbar,tur,published
pundix,tur,archived
shib,tur,listed
wbtc,tur,listed
dent,tur,listed
hxro,tur,listed
loom,tur,listed
orbs,tur,listed
paxg,tur,listed
yfii,tur,listed
grt,tur,listed
busd,tur,listed
tusd,tur,listed
cro,tur,listed
ftt,tur,listed
leo,tur,listed
ht,tur,listed
audio,tur,listed
band,tur,listed
dodo,tur,listed
knc,tur,listed
bal,tur,listed
mith,tur,listed
mtl,tur,listed
omg,tur,listed
storj,tur,listed
alpha,tur,listed
egld,tur,listed
reef,tur,listed
skl,tur,listed
mana,tur,listed
uni,tur,listed
comp,tur,listed
algo,tur,listed
bch,tur,listed
slp,tur,listed
pax,tur,listed
ape,tur,draft
ape,bhr,draft
ape,uae,draft
ape,sau,draft
ape,omn,draft
ape,kwt,draft
ape,pk,draft
rook,tur,draft
rook,bhr,draft
rook,uae,draft
rook,sau,draft
rook,omn,draft
rook,kwt,draft
rook,pk,draft
tru,tur,draft
tru,bhr,draft
tru,uae,draft
tru,sau,draft
tru,omn,draft
tru,kwt,draft
tru,pk,draft
gala,tur,draft
gala,bhr,draft
gala,uae,draft
gala,sau,draft
gala,omn,draft
gala,kwt,draft
gala,pk,draft
cvc,tur,draft
cvc,bhr,draft
cvc,uae,draft
cvc,sau,draft
cvc,omn,draft
cvc,kwt,draft
cvc,pk,draft
nexo,tur,draft
nexo,bhr,draft
nexo,uae,draft
nexo,sau,draft
nexo,omn,draft
nexo,kwt,draft
nexo,pk,draft
dydx,tur,draft
dydx,bhr,draft
dydx,uae,draft
dydx,sau,draft
dydx,omn,draft
dydx,kwt,draft
dydx,pk,draft
