id,created,updated,name,deleted,static_base_url
6,2022-02-16 15:05:22,2022-04-20 10:57:36,tur,,https://static.rainturk.com/
1,2022-02-16 15:05:22,2022-04-20 10:57:36,bhr,,https://static.rain.bh/
2,2022-02-16 15:05:22,2022-04-20 10:57:36,uae,,https://static.rain.bh/
3,2022-02-16 15:05:22,2022-04-20 10:57:36,sau,,https://static.rain.bh/
4,2022-02-16 15:05:22,2022-04-20 10:57:36,omn,,https://static.rain.bh/
5,2022-02-16 15:05:22,2022-04-20 10:57:36,kwt,,https://static.rain.bh/
7,2022-02-16 15:05:22,2022-04-20 10:57:36,pk,,https://static.rain.bh/
