coin_code,jurisdiction,status
1inch,bhr,listed
1inch,bvi,listed
1inch,kwt,listed
1inch,omn,listed
1inch,pk,archived
1inch,sau,listed
1inch,tur,listed
1inch,uae,listed
aave,bhr,listed
aave,bvi,listed
aave,kwt,listed
aave,omn,listed
aave,pk,archived
aave,sau,listed
aave,tur,listed
aave,uae,listed
algo,bhr,listed
algo,bvi,listed
algo,kwt,listed
algo,omn,listed
algo,pk,archived
algo,sau,listed
algo,tur,listed
algo,uae,listed
alpha,bhr,listed
alpha,bvi,listed
alpha,kwt,listed
alpha,omn,listed
alpha,pk,listed
alpha,sau,listed
alpha,tur,listed
alpha,uae,listed
ape,bhr,listed
ape,bvi,listed
ape,kwt,listed
ape,omn,listed
ape,pk,listed
ape,sau,listed
ape,tur,listed
ape,uae,listed
audio,bhr,listed
audio,bvi,listed
audio,kwt,listed
audio,omn,listed
audio,pk,listed
audio,sau,listed
audio,tur,listed
audio,uae,listed
avax,bhr,listed
avax,bvi,listed
avax,kwt,listed
avax,omn,listed
avax,pk,listed
avax,sau,listed
avax,tur,listed
avax,uae,listed
axs,bhr,listed
axs,bvi,listed
axs,kwt,listed
axs,omn,listed
axs,pk,listed
axs,sau,listed
axs,tur,listed
axs,uae,listed
badger,bhr,listed
badger,bvi,listed
badger,kwt,listed
badger,omn,listed
badger,pk,listed
badger,sau,listed
badger,tur,listed
badger,uae,listed
bal,bhr,listed
bal,bvi,listed
bal,kwt,listed
bal,omn,listed
bal,pk,listed
bal,sau,listed
bal,tur,listed
bal,uae,listed
band,bhr,listed
band,bvi,listed
band,kwt,listed
band,omn,listed
band,pk,listed
band,sau,listed
band,tur,listed
band,uae,listed
bat,bhr,listed
bat,bvi,listed
bat,kwt,listed
bat,omn,listed
bat,pk,listed
bat,sau,listed
bat,tur,listed
bat,uae,listed
bch,bhr,listed
bch,bvi,listed
bch,kwt,listed
bch,omn,listed
bch,pk,listed
bch,sau,listed
bch,tur,listed
bch,uae,listed
bnt,bhr,listed
bnt,bvi,listed
bnt,kwt,listed
bnt,omn,listed
bnt,pk,listed
bnt,sau,listed
bnt,tur,listed
bnt,uae,listed
btc,bhr,listed
btc,bvi,listed
btc,kwt,listed
btc,omn,listed
btc,pk,listed
btc,sau,listed
btc,tur,listed
btc,uae,listed
busd,bhr,listed
busd,bvi,listed
busd,kwt,listed
busd,omn,listed
busd,pk,listed
busd,sau,listed
busd,tur,listed
busd,uae,listed
cel,bhr,listed
cel,bvi,listed
cel,kwt,listed
cel,omn,published
cel,pk,listed
cel,sau,published
cel,tur,listed
cel,uae,listed
chz,bhr,listed
chz,bvi,listed
chz,kwt,listed
chz,omn,listed
chz,pk,listed
chz,sau,listed
chz,tur,listed
chz,uae,listed
comp,bhr,listed
comp,bvi,listed
comp,kwt,listed
comp,omn,listed
comp,pk,listed
comp,sau,listed
comp,tur,listed
comp,uae,listed
cream,bhr,listed
cream,bvi,listed
cream,kwt,listed
cream,omn,listed
cream,pk,listed
cream,sau,listed
cream,tur,listed
cream,uae,listed
cro,bhr,listed
cro,bvi,listed
cro,kwt,listed
cro,omn,listed
cro,pk,listed
cro,sau,listed
cro,tur,listed
cro,uae,listed
crv,bhr,listed
crv,bvi,listed
crv,kwt,listed
crv,omn,listed
crv,pk,listed
crv,sau,listed
crv,tur,listed
crv,uae,listed
cvc,bhr,listed
cvc,bvi,listed
cvc,kwt,listed
cvc,omn,listed
cvc,pk,listed
cvc,sau,listed
cvc,tur,listed
cvc,uae,listed
dai,bhr,listed
dai,bvi,listed
dai,kwt,listed
dai,omn,listed
dai,pk,listed
dai,sau,listed
dai,tur,listed
dai,uae,listed
dent,bhr,listed
dent,bvi,listed
dent,kwt,listed
dent,omn,listed
dent,pk,listed
dent,sau,listed
dent,tur,listed
dent,uae,listed
dodo,bhr,listed
dodo,bvi,listed
dodo,kwt,listed
dodo,omn,listed
dodo,pk,listed
dodo,sau,listed
dodo,tur,listed
dodo,uae,listed
dydx,bhr,listed
dydx,bvi,listed
dydx,kwt,listed
dydx,omn,listed
dydx,pk,listed
dydx,sau,listed
dydx,tur,listed
dydx,uae,listed
egld,bhr,listed
egld,bvi,listed
egld,kwt,listed
egld,omn,listed
egld,pk,listed
egld,sau,listed
egld,tur,listed
egld,uae,listed
enj,bhr,listed
enj,bvi,listed
enj,kwt,listed
enj,omn,listed
enj,pk,listed
enj,sau,listed
enj,tur,listed
enj,uae,listed
eos,bhr,listed
eos,bvi,listed
eos,kwt,listed
eos,omn,listed
eos,pk,listed
eos,sau,listed
eos,tur,listed
eos,uae,listed
eth,bhr,listed
eth,bvi,listed
eth,kwt,listed
eth,omn,listed
eth,pk,listed
eth,sau,listed
eth,tur,listed
eth,uae,listed
ftm,bhr,listed
ftm,bvi,listed
ftm,kwt,listed
ftm,omn,listed
ftm,pk,listed
ftm,sau,listed
ftm,tur,listed
ftm,uae,listed
ftt,bhr,listed
ftt,bvi,listed
ftt,kwt,listed
ftt,omn,listed
ftt,pk,listed
ftt,sau,listed
ftt,tur,listed
ftt,uae,listed
gala,bhr,listed
gala,bvi,listed
gala,kwt,listed
gala,omn,listed
gala,pk,listed
gala,sau,listed
gala,tur,listed
gala,uae,listed
grt,bhr,listed
grt,bvi,listed
grt,kwt,listed
grt,omn,listed
grt,pk,listed
grt,sau,listed
grt,tur,listed
grt,uae,listed
hbar,bhr,listed
hbar,bvi,listed
hbar,kwt,listed
hbar,omn,listed
hbar,pk,listed
hbar,sau,listed
hbar,tur,listed
hbar,uae,listed
ht,bhr,listed
ht,bvi,listed
ht,kwt,listed
ht,omn,listed
ht,pk,listed
ht,sau,listed
ht,tur,listed
ht,uae,listed
hxro,bhr,listed
hxro,bvi,listed
hxro,kwt,listed
hxro,omn,listed
hxro,pk,listed
hxro,sau,listed
hxro,tur,listed
hxro,uae,listed
knc,bhr,listed
knc,bvi,listed
knc,kwt,listed
knc,omn,listed
knc,pk,listed
knc,sau,listed
knc,tur,listed
knc,uae,listed
leo,bhr,listed
leo,bvi,listed
leo,kwt,listed
leo,omn,listed
leo,pk,listed
leo,sau,listed
leo,tur,listed
leo,uae,listed
link,bhr,listed
link,bvi,listed
link,kwt,listed
link,omn,listed
link,pk,listed
link,sau,listed
link,tur,listed
link,uae,listed
loom,bhr,listed
loom,bvi,listed
loom,kwt,listed
loom,omn,listed
loom,pk,listed
loom,sau,listed
loom,tur,listed
loom,uae,listed
lrc,bhr,listed
lrc,bvi,listed
lrc,kwt,listed
lrc,omn,listed
lrc,pk,listed
lrc,sau,listed
lrc,tur,listed
lrc,uae,listed
ltc,bhr,listed
ltc,bvi,listed
ltc,kwt,listed
ltc,omn,listed
ltc,pk,listed
ltc,sau,listed
ltc,tur,listed
ltc,uae,listed
mana,bhr,listed
mana,bvi,listed
mana,kwt,listed
mana,omn,listed
mana,pk,listed
mana,sau,listed
mana,tur,listed
mana,uae,listed
matic,bhr,listed
matic,bvi,listed
matic,kwt,listed
matic,omn,listed
matic,pk,listed
matic,sau,listed
matic,tur,listed
matic,uae,listed
mith,bhr,listed
mith,bvi,listed
mith,kwt,listed
mith,omn,listed
mith,pk,listed
mith,sau,listed
mith,tur,listed
mith,uae,listed
mkr,bhr,listed
mkr,bvi,listed
mkr,kwt,listed
mkr,omn,listed
mkr,pk,listed
mkr,sau,listed
mkr,tur,listed
mkr,uae,listed
mtl,bhr,listed
mtl,bvi,listed
mtl,kwt,listed
mtl,omn,listed
mtl,pk,listed
mtl,sau,listed
mtl,tur,listed
mtl,uae,listed
nexo,bhr,listed
nexo,bvi,listed
nexo,kwt,listed
nexo,omn,listed
nexo,pk,listed
nexo,sau,listed
nexo,tur,listed
nexo,uae,listed
omg,bhr,listed
omg,bvi,listed
omg,kwt,listed
omg,omn,listed
omg,pk,listed
omg,sau,listed
omg,tur,listed
omg,uae,listed
orbs,bhr,listed
orbs,bvi,listed
orbs,kwt,listed
orbs,omn,listed
orbs,pk,listed
orbs,sau,listed
orbs,tur,listed
orbs,uae,listed
oxy,bhr,listed
oxy,bvi,listed
oxy,kwt,listed
oxy,omn,listed
oxy,pk,listed
oxy,sau,listed
oxy,tur,listed
oxy,uae,listed
pax,bhr,listed
pax,bvi,listed
pax,kwt,listed
pax,omn,listed
pax,pk,listed
pax,sau,listed
pax,tur,listed
pax,uae,listed
paxg,bhr,listed
paxg,bvi,listed
paxg,kwt,listed
paxg,omn,listed
paxg,pk,listed
paxg,sau,listed
paxg,tur,listed
paxg,uae,listed
perp,bhr,listed
perp,bvi,listed
perp,kwt,listed
perp,omn,listed
perp,pk,listed
perp,sau,listed
perp,tur,listed
perp,uae,listed
pundix,bhr,listed
pundix,bvi,listed
pundix,kwt,listed
pundix,omn,listed
pundix,pk,listed
pundix,sau,listed
pundix,tur,listed
pundix,uae,listed
reef,bhr,listed
reef,bvi,listed
reef,kwt,listed
reef,omn,listed
reef,pk,listed
reef,sau,listed
reef,tur,listed
reef,uae,listed
rook,bhr,listed
rook,bvi,listed
rook,kwt,listed
rook,omn,listed
rook,pk,listed
rook,sau,listed
rook,tur,listed
rook,uae,listed
sand,bhr,listed
sand,bvi,listed
sand,kwt,listed
sand,omn,listed
sand,pk,listed
sand,sau,listed
sand,tur,listed
sand,uae,listed
shib,bhr,listed
shib,bvi,listed
shib,kwt,listed
shib,omn,listed
shib,pk,listed
shib,sau,listed
shib,tur,listed
shib,uae,listed
skl,bhr,listed
skl,bvi,listed
skl,kwt,listed
skl,omn,listed
skl,pk,listed
skl,sau,listed
skl,tur,listed
skl,uae,listed
slp,bhr,listed
slp,bvi,listed
slp,kwt,listed
slp,omn,listed
slp,pk,listed
slp,sau,listed
slp,tur,listed
slp,uae,listed
snx,bhr,listed
snx,bvi,listed
snx,kwt,listed
snx,omn,listed
snx,pk,listed
snx,sau,listed
snx,tur,listed
snx,uae,listed
storj,bhr,listed
storj,bvi,listed
storj,kwt,listed
storj,omn,listed
storj,pk,listed
storj,sau,listed
storj,tur,listed
storj,uae,listed
sushi,bhr,listed
sushi,bvi,listed
sushi,kwt,listed
sushi,omn,listed
sushi,pk,listed
sushi,sau,listed
sushi,tur,listed
sushi,uae,listed
sxp,bhr,listed
sxp,bvi,listed
sxp,kwt,listed
sxp,omn,listed
sxp,pk,listed
sxp,sau,listed
sxp,tur,listed
sxp,uae,listed
tru,bhr,listed
tru,bvi,listed
tru,kwt,listed
tru,omn,listed
tru,pk,listed
tru,sau,listed
tru,tur,listed
tru,uae,listed
trx,bhr,listed
trx,bvi,listed
trx,kwt,listed
trx,omn,listed
trx,pk,listed
trx,sau,listed
trx,tur,listed
trx,uae,listed
tusd,bhr,listed
tusd,bvi,listed
tusd,kwt,listed
tusd,omn,listed
tusd,pk,listed
tusd,sau,listed
tusd,tur,listed
tusd,uae,listed
uni,bhr,listed
uni,bvi,listed
uni,kwt,listed
uni,omn,listed
uni,pk,listed
uni,sau,listed
uni,tur,listed
uni,uae,listed
usdc,bhr,listed
usdc,bvi,listed
usdc,kwt,listed
usdc,omn,listed
usdc,pk,listed
usdc,sau,listed
usdc,tur,listed
usdc,uae,listed
usdt,bhr,listed
usdt,bvi,listed
usdt,kwt,listed
usdt,omn,listed
usdt,pk,listed
usdt,sau,listed
usdt,tur,listed
usdt,uae,listed
ust,bhr,archived
ust,bvi,archived
ust,kwt,archived
ust,omn,archived
ust,pk,archived
ust,sau,archived
ust,tur,archived
ust,uae,archived
wbtc,bhr,listed
wbtc,bvi,listed
wbtc,kwt,listed
wbtc,omn,listed
wbtc,pk,listed
wbtc,sau,listed
wbtc,tur,listed
wbtc,uae,listed
xlm,bhr,listed
xlm,bvi,listed
xlm,kwt,listed
xlm,omn,listed
xlm,pk,listed
xlm,sau,listed
xlm,tur,listed
xlm,uae,listed
xrp,bhr,listed
xrp,bvi,listed
xrp,kwt,listed
xrp,omn,listed
xrp,pk,listed
xrp,sau,listed
xrp,tur,listed
xrp,uae,listed
xtz,bhr,listed
xtz,bvi,listed
xtz,kwt,listed
xtz,omn,listed
xtz,pk,listed
xtz,sau,listed
xtz,tur,listed
xtz,uae,listed
yfi,bhr,listed
yfi,bvi,listed
yfi,kwt,listed
yfi,omn,listed
yfi,pk,listed
yfi,sau,listed
yfi,tur,listed
yfi,uae,listed
yfii,bhr,listed
yfii,bvi,listed
yfii,kwt,listed
yfii,omn,listed
yfii,pk,listed
yfii,sau,listed
yfii,tur,listed
yfii,uae,listed
zrx,bhr,listed
zrx,bvi,listed
zrx,kwt,listed
zrx,omn,listed
zrx,pk,listed
zrx,sau,listed
zrx,tur,listed
zrx,uae,listed
