coin_code,extension_name,extension_value
1inch,ERC-20,true
1inch,MaxPrecision,18
1inch,Order,55
aave,ERC-20,true
aave,MaxPrecision,18
aave,Order,31
algo,Order,22
alpha,ERC-20,true
alpha,MaxPrecision,18
alpha,Order,68
ape,ERC-20,true
ape,MaxPrecision,18
ape,Order,21
audio,ERC-20,true
audio,MaxPrecision,18
audio,Order,47
avax,Order,6
axs,ERC-20,true
axs,MaxPrecision,18
axs,Order,30
badger,ERC-20,true
badger,MaxPrecision,18
badger,Order,72
bal,ERC-20,true
bal,MaxPrecision,18
bal,Order,71
band,ERC-20,true
band,MaxPrecision,18
band,Order,70
bat,ERC-20,true
bat,MaxPrecision,18
bat,Order,43
bch,Order,17
bnt,ERC-20,true
bnt,MaxPrecision,18
bnt,Order,54
btc,Order,1
busd,ERC-20,true
busd,MaxPrecision,18
busd,Order,8
cel,ERC-20,true
cel,Order,57
chz,ERC-20,true
chz,MaxPrecision,18
chz,Order,37
comp,ERC-20,true
comp,MaxPrecision,18
comp,Order,46
cream,ERC-20,true
cream,MaxPrecision,18
cream,Order,80
cro,ERC-20,true
cro,Order,12
crv,ERC-20,true
crv,MaxPrecision,18
crv,Order,40
cvc,ERC-20,true
cvc,Order,65
dai,ERC-20,true
dai,MaxPrecision,18
dai,Order,13
dent,ERC-20,true
dent,Order,62
dodo,ERC-20,true
dodo,MaxPrecision,18
dodo,Order,78
dydx,ERC-20,true
dydx,MaxPrecision,18
dydx,Order,61
egld,ERC-20,true
egld,MaxPrecision,18
egld,Order,26
enj,ERC-20,true
enj,MaxPrecision,18
enj,Order,41
eos,Order,32
eth,MaxPrecision,18
eth,Order,2
ftm,ERC-20,true
ftm,MaxPrecision,18
ftm,Order,28
ftt,ERC-20,true
ftt,MaxPrecision,18
ftt,Order,20
gala,ERC-20,true
gala,Order,39
grt,ERC-20,true
grt,MaxPrecision,18
grt,Order,33
hbar,Order,24
ht,ERC-20,true
ht,MaxPrecision,18
ht,Order,35
hxro,ERC-20,true
hxro,MaxPrecision,18
hxro,Order,69
knc,ERC-20,true
knc,MaxPrecision,18
knc,Order,44
leo,ERC-20,true
leo,MaxPrecision,18
leo,Order,19
link,ERC-20,true
link,MaxPrecision,18
link,Order,16
loom,ERC-20,true
loom,MaxPrecision,18
loom,Order,74
lrc,ERC-20,true
lrc,MaxPrecision,18
lrc,Order,42
ltc,Order,14
mana,ERC-20,true
mana,MaxPrecision,18
mana,Order,25
matic,ERC-20,true
matic,MaxPrecision,18
matic,Order,11
mith,ERC-20,true
mith,MaxPrecision,18
mith,Order,79
mkr,ERC-20,true
mkr,MaxPrecision,18
mkr,Order,34
mtl,ERC-20,true
mtl,Order,66
nexo,ERC-20,true
nexo,MaxPrecision,18
nexo,Order,38
omg,ERC-20,true
omg,MaxPrecision,18
omg,Order,51
orbs,ERC-20,true
orbs,MaxPrecision,18
orbs,Order,63
oxy,ERC-20,true
oxy,Order,81
pax,ERC-20,true
pax,MaxPrecision,18
pax,Order,45
paxg,ERC-20,true
paxg,MaxPrecision,18
paxg,Order,52
perp,ERC-20,true
perp,MaxPrecision,18
perp,Order,60
pundix,ERC-20,true
pundix,MaxPrecision,18
pundix,Order,64
reef,ERC-20,true
reef,MaxPrecision,18
reef,Order,67
rook,ERC-20,true
rook,MaxPrecision,18
rook,Order,76
sand,ERC-20,true
sand,MaxPrecision,18
sand,Order,27
shib,ERC-20,true
shib,MaxPrecision,18
shib,Order,9
skl,ERC-20,true
skl,MaxPrecision,18
skl,Order,53
slp,ERC-20,true
slp,Order,75
snx,ERC-20,true
snx,MaxPrecision,18
snx,Order,48
storj,ERC-20,true
storj,Order,59
sushi,ERC-20,true
sushi,MaxPrecision,18
sushi,Order,58
sxp,ERC-20,true
sxp,MaxPrecision,18
sxp,Order,56
tru,ERC-20,true
tru,Order,73
trx,Order,15
tusd,ERC-20,true
tusd,MaxPrecision,18
tusd,Order,36
uni,ERC-20,true
uni,MaxPrecision,18
uni,Order,18
usdc,ERC-20,true
usdc,Order,4
usdt,ERC-20,true
usdt,Order,3
ust,ERC-20,true
ust,MaxPrecision,18
ust,Order,7
wbtc,ERC-20,true
wbtc,Order,10
xlm,Order,23
xrp,Order,5
xtz,Order,29
yfi,ERC-20,true
yfi,MaxPrecision,18
yfi,Order,49
yfii,ERC-20,true
yfii,MaxPrecision,18
yfii,Order,77
zrx,ERC-20,true
zrx,MaxPrecision,18
zrx,Order,50
