coin_code,jurisdiction,status
xrp,bhr,listed
link,bhr,listed
usdt,bhr,listed
ltc,bhr,listed
eth,bhr,listed
btc,bhr,listed
xrp,uae,listed
link,uae,listed
usdt,uae,listed
ltc,uae,listed
eth,uae,listed
btc,uae,listed
xrp,kwt,listed
link,kwt,listed
usdt,kwt,listed
ltc,kwt,listed
eth,kwt,listed
btc,kwt,listed
xrp,sau,listed
link,sau,listed
usdt,sau,listed
ltc,sau,listed
eth,sau,listed
btc,sau,listed
xrp,omn,listed
link,omn,listed
usdt,omn,listed
ltc,omn,listed
eth,omn,listed
btc,omn,listed
xrp,tur,listed
link,tur,listed
usdt,tur,listed
ltc,tur,listed
eth,tur,listed
btc,tur,listed
xrp,pk,archived
link,pk,archived
usdt,pk,archived
ltc,pk,archived
eth,pk,archived
btc,pk,archived
