name,code,icon_url,precision,fiat_precision,block_explorer,minimum_confirmations,minimum_amount,exchange_warning_minimum
Bitcoin,btc,https://static.rain.bh/icons/currencies/BTC.png,8,2,https://live.blockcypher.com/btc-testnet/tx/,3,0.0005,-1000000
Ethereum,eth,https://static.rain.bh/icons/currencies/ETH.png,8,2,https://kovan.etherscan.io/tx/,35,0.005,-1000000
Litecoin,ltc,https://static.rain.bh/icons/currencies/LTC.png,8,2,https://chain.so/tx/LTCTEST/,6,0.1,-1000000
Tether,usdt,https://static.rain.bh/icons/currencies/USDT.png,6,3,https://kovan.etherscan.io/tx/,35,0.01,-1000000
Chainlink,link,https://static.rain.bh/icons/currencies/LINK.png,8,2,https://kovan.etherscan.io/tx/,35,0.02,-1000000
XRP,xrp,https://static.rain.bh/icons/currencies/XRP.png,6,4,https://test.bithomp.com/explorer/,1,20,-1000000
