coin_code,jurisdiction,status
xrp,bhr,listed
link,bhr,listed
usdt,bhr,listed
ltc,bhr,listed
eth,bhr,listed
btc,bhr,listed
xrp,uae,listed
link,uae,listed
usdt,uae,listed
ltc,uae,listed
eth,uae,listed
btc,uae,listed
xrp,kwt,listed
link,kwt,listed
usdt,kwt,listed
ltc,kwt,listed
eth,kwt,listed
btc,kwt,listed
xrp,sau,listed
link,sau,listed
usdt,sau,listed
ltc,sau,listed
eth,sau,listed
btc,sau,listed
xrp,omn,listed
link,omn,listed
usdt,omn,listed
ltc,omn,listed
eth,omn,listed
btc,omn,listed
xrp,tur,listed
link,tur,listed
usdt,tur,listed
ltc,tur,listed
eth,tur,listed
btc,tur,listed
xrp,pk,archived
link,pk,archived
usdt,pk,archived
ltc,pk,archived
eth,pk,archived
btc,pk,archived
uni,bhr,listed
comp,bhr,listed
usdc,bhr,listed
bal,bhr,draft
dent,bhr,draft
hxro,bhr,draft
loom,bhr,draft
paxg,bhr,draft
wbtc,bhr,draft
yfii,bhr,draft
egld,bhr,draft
bch,bhr,listed
uni,uae,listed
comp,uae,listed
usdc,uae,listed
matic,uae,review
axs,uae,review
sushi,uae,review
yfi,uae,review
dai,uae,review
enj,uae,draft
sand,uae,draft
mkr,uae,draft
crv,uae,draft
ftm,uae,draft
badger,uae,draft
1inch,uae,draft
perp,uae,draft
cream,uae,draft
sxp,uae,draft
bat,uae,draft
chz,uae,draft
zrx,uae,draft
snx,uae,draft
lrc,uae,draft
aave,uae,draft
bnt,uae,draft
grt,uae,draft
busd,uae,draft
tusd,uae,draft
cro,uae,draft
luna,bhr,published
shib,uae,listed
ftt,uae,draft
leo,uae,draft
ht,uae,draft
cel,uae,draft
audio,uae,draft
band,uae,draft
dodo,uae,draft
knc,uae,draft
bal,uae,draft
mith,uae,draft
mtl,uae,draft
omg,uae,draft
storj,uae,draft
alpha,uae,draft
dent,uae,draft
hxro,uae,draft
loom,uae,draft
orbs,uae,draft
paxg,uae,draft
slp,uae,draft
wbtc,uae,draft
yfii,uae,draft
luna,uae,draft
egld,uae,draft
oxy,uae,draft
pundix,uae,draft
bch,uae,listed
xlm,uae,draft
trx,uae,draft
hbar,uae,draft
xtz,uae,draft
avax,uae,draft
uni,kwt,listed
comp,kwt,listed
usdc,kwt,listed
matic,kwt,review
axs,kwt,review
sushi,kwt,review
yfi,kwt,review
dai,kwt,review
enj,kwt,draft
sand,kwt,draft
mkr,kwt,draft
crv,kwt,draft
ftm,kwt,draft
badger,kwt,draft
1inch,kwt,draft
perp,kwt,draft
cream,kwt,draft
sxp,kwt,draft
bat,kwt,draft
chz,kwt,draft
zrx,kwt,draft
snx,kwt,draft
lrc,kwt,draft
aave,kwt,draft
bnt,kwt,draft
grt,kwt,draft
busd,kwt,draft
tusd,kwt,draft
cro,kwt,draft
ftt,kwt,draft
leo,kwt,draft
ht,kwt,draft
cel,kwt,draft
audio,kwt,draft
band,kwt,draft
dodo,kwt,draft
knc,kwt,draft
bal,kwt,draft
mith,kwt,draft
mtl,kwt,draft
omg,kwt,draft
storj,kwt,draft
alpha,kwt,draft
dent,kwt,draft
hxro,kwt,draft
loom,kwt,draft
orbs,kwt,draft
paxg,kwt,draft
slp,kwt,draft
wbtc,kwt,draft
yfii,kwt,draft
luna,kwt,draft
egld,kwt,draft
oxy,kwt,draft
pundix,kwt,draft
bch,kwt,listed
xlm,kwt,draft
trx,kwt,draft
hbar,kwt,draft
xtz,kwt,draft
avax,kwt,draft
uni,sau,listed
comp,sau,listed
usdc,sau,listed
matic,sau,review
axs,sau,review
sushi,sau,review
yfi,sau,review
dai,sau,review
enj,sau,draft
sand,sau,draft
mkr,sau,draft
crv,sau,draft
ftm,sau,draft
badger,sau,draft
1inch,sau,draft
perp,sau,draft
cream,sau,draft
sxp,sau,draft
bat,sau,draft
chz,sau,draft
zrx,sau,draft
snx,sau,draft
lrc,sau,draft
aave,sau,draft
bnt,sau,draft
grt,sau,draft
busd,sau,draft
tusd,sau,draft
cro,sau,draft
ftt,sau,draft
leo,sau,draft
ht,sau,draft
cel,sau,draft
audio,sau,draft
band,sau,draft
dodo,sau,draft
knc,sau,draft
shib,kwt,listed
shib,sau,listed
bal,sau,draft
mith,sau,draft
mtl,sau,draft
omg,sau,draft
storj,sau,draft
alpha,sau,draft
dent,sau,draft
hxro,sau,draft
loom,sau,draft
orbs,sau,draft
paxg,sau,draft
slp,sau,draft
wbtc,sau,draft
yfii,sau,draft
luna,sau,draft
egld,sau,draft
oxy,sau,draft
pundix,sau,draft
bch,sau,listed
xlm,sau,draft
trx,sau,draft
hbar,sau,draft
xtz,sau,draft
avax,sau,draft
uni,omn,listed
comp,omn,listed
usdc,omn,listed
matic,omn,review
axs,omn,review
sushi,omn,review
yfi,omn,review
dai,omn,review
enj,omn,draft
sand,omn,draft
mkr,omn,draft
crv,omn,draft
ftm,omn,draft
badger,omn,draft
1inch,omn,draft
perp,omn,draft
cream,omn,draft
sxp,omn,draft
bat,omn,draft
chz,omn,draft
zrx,omn,draft
snx,omn,draft
lrc,omn,draft
aave,omn,draft
bnt,omn,draft
grt,omn,draft
busd,omn,draft
tusd,omn,draft
cro,omn,draft
ftt,omn,draft
leo,omn,draft
ht,omn,draft
cel,omn,draft
audio,omn,draft
band,omn,draft
dodo,omn,draft
knc,omn,draft
bal,omn,draft
mith,omn,draft
mtl,omn,draft
omg,omn,draft
storj,omn,draft
alpha,omn,draft
dent,omn,draft
hxro,omn,draft
loom,omn,draft
orbs,omn,draft
paxg,omn,draft
slp,omn,draft
wbtc,omn,draft
yfii,omn,draft
luna,omn,draft
egld,omn,draft
oxy,omn,draft
pundix,omn,draft
bch,omn,listed
xlm,omn,draft
trx,omn,draft
hbar,omn,draft
xtz,omn,draft
avax,omn,draft
uni,tur,listed
comp,tur,listed
usdc,tur,listed
matic,tur,listed
axs,tur,listed
sushi,tur,listed
yfi,tur,listed
dai,tur,listed
enj,tur,listed
sand,tur,listed
mkr,tur,listed
crv,tur,listed
ftm,tur,listed
badger,tur,listed
1inch,tur,listed
perp,tur,listed
cream,tur,listed
sxp,tur,listed
bat,tur,listed
chz,tur,listed
zrx,tur,listed
snx,tur,listed
lrc,tur,listed
aave,tur,listed
bnt,tur,listed
grt,tur,listed
busd,tur,listed
tusd,tur,listed
cro,tur,listed
ftt,tur,listed
leo,tur,listed
ht,tur,listed
cel,tur,listed
audio,tur,listed
band,tur,listed
dodo,tur,listed
knc,tur,listed
bal,tur,draft
mith,tur,listed
mtl,tur,listed
omg,tur,listed
storj,tur,listed
alpha,tur,listed
dent,tur,draft
hxro,tur,draft
shib,omn,listed
shib,tur,listed
loom,tur,draft
orbs,tur,listed
paxg,tur,draft
slp,tur,listed
wbtc,tur,draft
yfii,tur,draft
luna,tur,draft
egld,tur,draft
oxy,tur,listed
pundix,tur,listed
bch,tur,listed
xlm,tur,listed
trx,tur,listed
hbar,tur,listed
xtz,tur,listed
avax,tur,listed
uni,pk,archived
comp,pk,archived
usdc,pk,archived
matic,pk,archived
axs,pk,archived
sushi,pk,archived
yfi,pk,archived
dai,pk,archived
enj,pk,archived
sand,pk,archived
mkr,pk,archived
crv,pk,archived
ftm,pk,archived
badger,pk,archived
1inch,pk,archived
perp,pk,archived
cream,pk,archived
sxp,pk,archived
bat,pk,archived
chz,pk,archived
zrx,pk,archived
snx,pk,archived
lrc,pk,archived
aave,pk,archived
bnt,pk,archived
grt,pk,archived
busd,pk,archived
tusd,pk,archived
cro,pk,archived
ftt,pk,archived
leo,pk,archived
ht,pk,archived
cel,pk,archived
audio,pk,archived
band,pk,archived
dodo,pk,archived
knc,pk,archived
bal,pk,archived
mith,pk,archived
mtl,pk,archived
omg,pk,archived
storj,pk,archived
alpha,pk,archived
dent,pk,archived
hxro,pk,archived
loom,pk,archived
orbs,pk,archived
paxg,pk,archived
slp,pk,archived
wbtc,pk,archived
yfii,pk,archived
luna,pk,archived
egld,pk,archived
oxy,pk,archived
pundix,pk,archived
bch,pk,archived
xlm,pk,archived
trx,pk,archived
hbar,pk,archived
xtz,pk,archived
avax,pk,archived
cusd,pk,archived
amp,pk,archived
dydx,pk,archived
ocean,pk,archived
mana,pk,archived
gala,pk,archived
rook,pk,archived
gno,pk,archived
uma,pk,archived
usdp,pk,archived
chr,pk,archived
okb,pk,archived
nexo,pk,archived
ray,pk,archived
rsr,pk,archived
skl,pk,archived
akro,pk,archived
alice,pk,archived
ampl,pk,archived
cvc,pk,archived
front,pk,archived
prom,pk,archived
qkc,pk,archived
ramp,pk,archived
renbtc,pk,archived
stmx,pk,archived
vgx,pk,archived
xaut,pk,archived
husd,pk,archived
alcx,pk,archived
cqt,pk,archived
ens,pk,archived
imx,pk,archived
aleph,pk,archived
boba,pk,archived
reef,pk,archived
spell,pk,archived
waves,pk,archived
rune,pk,archived
clv,pk,archived
gods,pk,archived
ren,pk,archived
rndr,pk,archived
bico,pk,archived
bit,pk,archived
etc,pk,archived
doge,pk,archived
ada,pk,archived
dot,pk,archived
bnb,pk,archived
ust,pk,archived
bsv,pk,archived
sol,pk,archived
atom,pk,archived
shib,pk,listed
xem,pk,archived
fil,pk,archived
joe,pk,archived
cusd,bhr,draft
amp,bhr,draft
dydx,bhr,draft
ocean,bhr,draft
mana,bhr,draft
gala,bhr,draft
rook,bhr,draft
gno,bhr,draft
uma,bhr,draft
usdp,bhr,draft
chr,bhr,draft
okb,bhr,draft
nexo,bhr,draft
ray,bhr,draft
rsr,bhr,draft
skl,bhr,draft
akro,bhr,draft
alice,bhr,draft
ampl,bhr,draft
cvc,bhr,draft
front,bhr,draft
prom,bhr,draft
qkc,bhr,draft
ramp,bhr,draft
renbtc,bhr,draft
stmx,bhr,draft
vgx,bhr,draft
xaut,bhr,draft
husd,bhr,draft
alcx,bhr,draft
cqt,bhr,draft
ens,bhr,draft
imx,bhr,draft
aleph,bhr,draft
boba,bhr,draft
reef,bhr,draft
spell,bhr,draft
waves,bhr,draft
rune,bhr,draft
clv,bhr,draft
gods,bhr,draft
ren,bhr,draft
rndr,bhr,draft
bico,bhr,draft
bit,bhr,draft
etc,bhr,draft
doge,bhr,draft
ada,bhr,draft
dot,bhr,draft
bnb,bhr,draft
ust,bhr,draft
bsv,bhr,draft
sol,bhr,draft
atom,bhr,draft
xem,bhr,draft
fil,bhr,draft
joe,bhr,draft
cusd,uae,draft
amp,uae,draft
dydx,uae,draft
ocean,uae,draft
mana,uae,draft
gala,uae,draft
rook,uae,draft
gno,uae,draft
uma,uae,draft
usdp,uae,draft
chr,uae,draft
okb,uae,draft
nexo,uae,draft
ray,uae,draft
rsr,uae,draft
skl,uae,draft
akro,uae,draft
alice,uae,draft
ampl,uae,draft
cvc,uae,draft
front,uae,draft
prom,uae,draft
qkc,uae,draft
ramp,uae,draft
renbtc,uae,draft
stmx,uae,draft
vgx,uae,draft
xaut,uae,draft
husd,uae,draft
alcx,uae,draft
cqt,uae,draft
ens,uae,draft
imx,uae,draft
aleph,uae,draft
boba,uae,draft
reef,uae,draft
spell,uae,draft
waves,uae,draft
rune,uae,draft
clv,uae,draft
gods,uae,draft
ren,uae,draft
rndr,uae,draft
bico,uae,draft
bit,uae,draft
etc,uae,draft
doge,uae,draft
ada,uae,draft
dot,uae,draft
bnb,uae,draft
ust,uae,draft
bsv,uae,draft
sol,uae,draft
atom,uae,draft
xem,uae,draft
fil,uae,draft
joe,uae,draft
cusd,kwt,draft
amp,kwt,draft
dydx,kwt,draft
ocean,kwt,draft
mana,kwt,draft
gala,kwt,draft
rook,kwt,draft
gno,kwt,draft
uma,kwt,draft
usdp,kwt,draft
chr,kwt,draft
okb,kwt,draft
nexo,kwt,draft
ray,kwt,draft
rsr,kwt,draft
skl,kwt,draft
akro,kwt,draft
alice,kwt,draft
ampl,kwt,draft
cvc,kwt,draft
front,kwt,draft
prom,kwt,draft
qkc,kwt,draft
ramp,kwt,draft
renbtc,kwt,draft
stmx,kwt,draft
vgx,kwt,draft
xaut,kwt,draft
husd,kwt,draft
alcx,kwt,draft
cqt,kwt,draft
ens,kwt,draft
imx,kwt,draft
aleph,kwt,draft
boba,kwt,draft
reef,kwt,draft
spell,kwt,draft
waves,kwt,draft
rune,kwt,draft
clv,kwt,draft
gods,kwt,draft
ren,kwt,draft
rndr,kwt,draft
bico,kwt,draft
bit,kwt,draft
etc,kwt,draft
doge,kwt,draft
ada,kwt,draft
dot,kwt,draft
bnb,kwt,draft
ust,kwt,draft
bsv,kwt,draft
sol,kwt,draft
atom,kwt,draft
xem,kwt,draft
fil,kwt,draft
joe,kwt,draft
cusd,sau,draft
amp,sau,draft
dydx,sau,draft
ocean,sau,draft
mana,sau,draft
gala,sau,draft
rook,sau,draft
gno,sau,draft
uma,sau,draft
usdp,sau,draft
chr,sau,draft
okb,sau,draft
nexo,sau,draft
ray,sau,draft
rsr,sau,draft
skl,sau,draft
akro,sau,draft
alice,sau,draft
ampl,sau,draft
cvc,sau,draft
front,sau,draft
prom,sau,draft
qkc,sau,draft
ramp,sau,draft
renbtc,sau,draft
stmx,sau,draft
vgx,sau,draft
xaut,sau,draft
husd,sau,draft
alcx,sau,draft
cqt,sau,draft
ens,sau,draft
imx,sau,draft
aleph,sau,draft
boba,sau,draft
reef,sau,draft
spell,sau,draft
waves,sau,draft
rune,sau,draft
clv,sau,draft
gods,sau,draft
ren,sau,draft
rndr,sau,draft
bico,sau,draft
bit,sau,draft
etc,sau,draft
doge,sau,draft
ada,sau,draft
dot,sau,draft
bnb,sau,draft
ust,sau,draft
bsv,sau,draft
sol,sau,draft
atom,sau,draft
xem,sau,draft
fil,sau,draft
joe,sau,draft
cusd,omn,draft
amp,omn,draft
dydx,omn,draft
ocean,omn,draft
mana,omn,draft
gala,omn,draft
rook,omn,draft
gno,omn,draft
uma,omn,draft
usdp,omn,draft
chr,omn,draft
okb,omn,draft
nexo,omn,draft
ray,omn,draft
rsr,omn,draft
skl,omn,draft
akro,omn,draft
alice,omn,draft
ampl,omn,draft
cvc,omn,draft
front,omn,draft
prom,omn,draft
qkc,omn,draft
ramp,omn,draft
renbtc,omn,draft
stmx,omn,draft
vgx,omn,draft
xaut,omn,draft
husd,omn,draft
alcx,omn,draft
cqt,omn,draft
ens,omn,draft
imx,omn,draft
aleph,omn,draft
boba,omn,draft
reef,omn,draft
spell,omn,draft
waves,omn,draft
rune,omn,draft
clv,omn,draft
gods,omn,draft
ren,omn,draft
rndr,omn,draft
bico,omn,draft
bit,omn,draft
etc,omn,draft
doge,omn,draft
ada,omn,draft
dot,omn,draft
bnb,omn,draft
ust,omn,draft
bsv,omn,draft
sol,omn,draft
atom,omn,draft
xem,omn,draft
fil,omn,draft
joe,omn,draft
cusd,tur,draft
amp,tur,draft
dydx,tur,draft
ocean,tur,draft
mana,tur,draft
gala,tur,draft
rook,tur,draft
gno,tur,draft
uma,tur,draft
usdp,tur,draft
chr,tur,draft
okb,tur,draft
nexo,tur,draft
ray,tur,draft
rsr,tur,draft
skl,tur,draft
akro,tur,draft
alice,tur,draft
ampl,tur,draft
cvc,tur,draft
front,tur,draft
prom,tur,draft
qkc,tur,draft
ramp,tur,draft
renbtc,tur,draft
stmx,tur,draft
vgx,tur,draft
xaut,tur,draft
husd,tur,draft
alcx,tur,draft
cqt,tur,draft
ens,tur,draft
imx,tur,draft
aleph,tur,draft
boba,tur,draft
reef,tur,draft
spell,tur,draft
waves,tur,draft
rune,tur,draft
clv,tur,draft
gods,tur,draft
ren,tur,draft
rndr,tur,draft
bico,tur,draft
bit,tur,draft
etc,tur,draft
doge,tur,draft
ada,tur,draft
dot,tur,draft
bnb,tur,draft
ust,tur,draft
bsv,tur,draft
sol,tur,draft
atom,tur,draft
xem,tur,draft
fil,tur,draft
joe,tur,draft
matic,bhr,listed
axs,bhr,listed
sushi,bhr,listed
yfi,bhr,listed
dai,bhr,listed
enj,bhr,listed
sand,bhr,listed
mkr,bhr,listed
crv,bhr,listed
ftm,bhr,listed
badger,bhr,listed
1inch,bhr,listed
perp,bhr,listed
cream,bhr,listed
sxp,bhr,listed
bat,bhr,listed
chz,bhr,listed
zrx,bhr,listed
snx,bhr,listed
lrc,bhr,listed
aave,bhr,listed
bnt,bhr,listed
grt,bhr,listed
busd,bhr,listed
tusd,bhr,listed
cro,bhr,listed
ftt,bhr,listed
leo,bhr,listed
ht,bhr,listed
cel,bhr,listed
audio,bhr,listed
band,bhr,listed
dodo,bhr,listed
knc,bhr,listed
mith,bhr,listed
mtl,bhr,listed
omg,bhr,listed
storj,bhr,listed
alpha,bhr,listed
orbs,bhr,listed
slp,bhr,listed
oxy,bhr,listed
pundix,bhr,listed
xlm,bhr,listed
trx,bhr,listed
hbar,bhr,listed
xtz,bhr,listed
avax,bhr,listed
algo,uae,draft
eos,uae,draft
algo,kwt,draft
eos,kwt,draft
algo,sau,draft
eos,sau,draft
algo,omn,draft
eos,omn,draft
algo,tur,draft
eos,tur,draft
algo,pk,archived
eos,pk,archived
shib,bhr,listed
algo,bhr,draft
eos,bhr,draft
