coin_code,category,jurisdiction,sort_order
uni,featured,bhr,1
algo,featured,bhr,2
matic,featured,bhr,3
dai,featured,bhr,4
aave,featured,bhr,5
dot,featured,bhr,6
avax,featured,bhr,7
luna,featured,bhr,8
xlm,featured,bhr,9
sol,featured,bhr,10
cusd,featured,bhr,11
atom,featured,bhr,12
eth,popular,bhr,1
btc,popular,bhr,2
usdt,popular,bhr,3
doge,popular,bhr,4
ltc,popular,bhr,5
dot,popular,bhr,6
uni,featured,uae,1
algo,featured,uae,2
matic,featured,uae,3
dai,featured,uae,4
aave,featured,uae,5
dot,featured,uae,6
avax,featured,uae,7
luna,featured,uae,8
xlm,featured,uae,9
sol,featured,uae,10
cusd,featured,uae,11
atom,featured,uae,12
eth,popular,uae,1
btc,popular,uae,2
usdt,popular,uae,3
doge,popular,uae,4
ltc,popular,uae,5
dot,popular,uae,6
uni,featured,sau,1
algo,featured,sau,2
matic,featured,sau,3
dai,featured,sau,4
aave,featured,sau,5
dot,featured,sau,6
avax,featured,sau,7
luna,featured,sau,8
xlm,featured,sau,9
sol,featured,sau,10
cusd,featured,sau,11
atom,featured,sau,12
eth,popular,sau,1
btc,popular,sau,2
usdt,popular,sau,3
doge,popular,sau,4
ltc,popular,sau,5
dot,popular,sau,6
uni,featured,omn,1
algo,featured,omn,2
matic,featured,omn,3
dai,featured,omn,4
aave,featured,omn,5
dot,featured,omn,6
avax,featured,omn,7
luna,featured,omn,8
xlm,featured,omn,9
sol,featured,omn,10
cusd,featured,omn,11
atom,featured,omn,12
eth,popular,omn,1
btc,popular,omn,2
usdt,popular,omn,3
doge,popular,omn,4
ltc,popular,omn,5
dot,popular,omn,6
uni,featured,kwt,1
algo,featured,kwt,2
matic,featured,kwt,3
dai,featured,kwt,4
aave,featured,kwt,5
dot,featured,kwt,6
avax,featured,kwt,7
luna,featured,kwt,8
xlm,featured,kwt,9
sol,featured,kwt,10
cusd,featured,kwt,11
atom,featured,kwt,12
eth,popular,kwt,1
btc,popular,kwt,2
usdt,popular,kwt,3
doge,popular,kwt,4
ltc,popular,kwt,5
dot,popular,kwt,6
uni,featured,tur,1
algo,featured,tur,2
matic,featured,tur,3
dai,featured,tur,4
aave,featured,tur,5
dot,featured,tur,6
avax,featured,tur,7
luna,featured,tur,8
xlm,featured,tur,9
sol,featured,tur,10
cusd,featured,tur,11
atom,featured,tur,12
eth,popular,tur,1
btc,popular,tur,2
usdt,popular,tur,3
doge,popular,tur,4
ltc,popular,tur,5
dot,popular,tur,6
uni,featured,pk,1
algo,featured,pk,2
matic,featured,pk,3
dai,featured,pk,4
aave,featured,pk,5
dot,featured,pk,6
avax,featured,pk,7
luna,featured,pk,8
xlm,featured,pk,9
sol,featured,pk,10
cusd,featured,pk,11
atom,featured,pk,12
eth,popular,pk,1
btc,popular,pk,2
usdt,popular,pk,3
doge,popular,pk,4
ltc,popular,pk,5
dot,popular,pk,6
