coin_code,extension_name,extension_value
link,ERC-20,true
usdt,ERC-20,true
uni,ERC-20,true
comp,ERC-20,true
usdc,ERC-20,true
matic,ERC-20,true
axs,ERC-20,true
sushi,ERC-20,true
yfi,ERC-20,true
dai,ERC-20,true
enj,ERC-20,true
sand,ERC-20,true
mkr,ERC-20,true
shib,ERC-20,true
crv,ERC-20,true
ftm,ERC-20,true
badger,ERC-20,true
1inch,ERC-20,true
perp,ERC-20,true
cream,ERC-20,true
sxp,ERC-20,true
bat,ERC-20,true
chz,ERC-20,true
zrx,ERC-20,true
snx,ERC-20,true
lrc,ERC-20,true
aave,ERC-20,true
bnt,ERC-20,true
grt,ERC-20,true
busd,ERC-20,true
tusd,ERC-20,true
cro,ERC-20,true
ftt,ERC-20,true
leo,ERC-20,true
ht,ERC-20,true
cel,ERC-20,true
audio,ERC-20,true
band,ERC-20,true
dodo,ERC-20,true
knc,ERC-20,true
bal,ERC-20,true
mith,ERC-20,true
mtl,ERC-20,true
omg,ERC-20,true
storj,ERC-20,true
alpha,ERC-20,true
dent,ERC-20,true
hxro,ERC-20,true
loom,ERC-20,true
orbs,ERC-20,true
paxg,ERC-20,true
slp,ERC-20,true
wbtc,ERC-20,true
yfii,ERC-20,true
luna,ERC-20,true
egld,ERC-20,true
oxy,ERC-20,true
pundix,ERC-20,true
cusd,ERC-20,true
amp,ERC-20,true
dydx,ERC-20,true
ocean,ERC-20,true
mana,ERC-20,true
gala,ERC-20,true
rook,ERC-20,true
gno,ERC-20,true
uma,ERC-20,true
usdp,ERC-20,true
chr,ERC-20,true
okb,ERC-20,true
nexo,ERC-20,true
ray,ERC-20,true
rsr,ERC-20,true
skl,ERC-20,true
akro,ERC-20,true
alice,ERC-20,true
ampl,ERC-20,true
cvc,ERC-20,true
front,ERC-20,true
prom,ERC-20,true
qkc,ERC-20,true
ramp,ERC-20,true
renbtc,ERC-20,true
stmx,ERC-20,true
vgx,ERC-20,true
xaut,ERC-20,true
husd,ERC-20,true
alcx,ERC-20,true
cqt,ERC-20,true
ens,ERC-20,true
imx,ERC-20,true
aleph,ERC-20,true
boba,ERC-20,true
reef,ERC-20,true
spell,ERC-20,true
waves,ERC-20,true
rune,ERC-20,true
clv,ERC-20,true
gods,ERC-20,true
ren,ERC-20,true
rndr,ERC-20,true
bico,ERC-20,true
bit,ERC-20,true
etc,ERC-20,true
link,MaxPrecision,18
eth,MaxPrecision,18
uni,MaxPrecision,18
comp,MaxPrecision,18
usdc,MaxPrecision,18
matic,MaxPrecision,18
axs,MaxPrecision,18
sushi,MaxPrecision,18
yfi,MaxPrecision,18
dai,MaxPrecision,18
enj,MaxPrecision,18
sand,MaxPrecision,18
mkr,MaxPrecision,18
shib,MaxPrecision,18
crv,MaxPrecision,18
ftm,MaxPrecision,18
badger,MaxPrecision,18
1inch,MaxPrecision,18
perp,MaxPrecision,18
cream,MaxPrecision,18
sxp,MaxPrecision,18
bat,MaxPrecision,18
chz,MaxPrecision,18
zrx,MaxPrecision,18
snx,MaxPrecision,18
lrc,MaxPrecision,18
aave,MaxPrecision,18
bnt,MaxPrecision,18
grt,MaxPrecision,18
busd,MaxPrecision,18
tusd,MaxPrecision,18
cro,MaxPrecision,18
ftt,MaxPrecision,18
leo,MaxPrecision,18
ht,MaxPrecision,18
cel,MaxPrecision,18
audio,MaxPrecision,18
band,MaxPrecision,18
dodo,MaxPrecision,18
knc,MaxPrecision,18
bal,MaxPrecision,18
mith,MaxPrecision,18
mtl,MaxPrecision,18
omg,MaxPrecision,18
storj,MaxPrecision,18
alpha,MaxPrecision,18
dent,MaxPrecision,18
hxro,MaxPrecision,18
loom,MaxPrecision,18
orbs,MaxPrecision,18
paxg,MaxPrecision,18
slp,MaxPrecision,18
wbtc,MaxPrecision,18
yfii,MaxPrecision,18
luna,MaxPrecision,18
egld,MaxPrecision,18
oxy,MaxPrecision,18
pundix,MaxPrecision,18
cusd,MaxPrecision,18
amp,MaxPrecision,18
dydx,MaxPrecision,18
ocean,MaxPrecision,18
mana,MaxPrecision,18
gala,MaxPrecision,18
rook,MaxPrecision,18
gno,MaxPrecision,18
uma,MaxPrecision,18
usdp,MaxPrecision,18
chr,MaxPrecision,18
okb,MaxPrecision,18
nexo,MaxPrecision,18
ray,MaxPrecision,18
rsr,MaxPrecision,18
skl,MaxPrecision,18
akro,MaxPrecision,18
alice,MaxPrecision,18
ampl,MaxPrecision,18
cvc,MaxPrecision,18
front,MaxPrecision,18
prom,MaxPrecision,18
qkc,MaxPrecision,18
ramp,MaxPrecision,18
renbtc,MaxPrecision,18
stmx,MaxPrecision,18
vgx,MaxPrecision,18
xaut,MaxPrecision,18
husd,MaxPrecision,18
alcx,MaxPrecision,18
cqt,MaxPrecision,18
ens,MaxPrecision,18
imx,MaxPrecision,18
aleph,MaxPrecision,18
boba,MaxPrecision,18
reef,MaxPrecision,18
spell,MaxPrecision,18
waves,MaxPrecision,18
rune,MaxPrecision,18
clv,MaxPrecision,18
gods,MaxPrecision,18
ren,MaxPrecision,18
rndr,MaxPrecision,18
bico,MaxPrecision,18
bit,MaxPrecision,18
etc,MaxPrecision,18
