coin_code,custody_provider_name,name,code
btc,bitgo,bitcoin,tbtc
eth,bitgo,ethereum,teth
ltc,bitgo,litecoin,tltc
usdt,bitgo,tether,test
link,bitgo,chainlink,tdai
xrp,bitgo,XRP,txrp
uni,bitgo,uniswap,tuni
comp,bitgo,compound,tcomp
usdc,bitgo,usd coin,tusdc
matic,bitgo,polygon,tmatic
axs,bitgo,axie infinity,taxs
sushi,bitgo,sushiswap,tsushi
yfi,bitgo,yearn.finance,tyfi
dai,bitgo,dai,tdai
enj,bitgo,enjin coin,tenj
sand,bitgo,the sandbox,tsand
mkr,bitgo,maker,tmkr
shib,bitgo,shiba inu,tshib
crv,bitgo,curve dao token,tcrv
ftm,bitgo,fantom,tftm
badger,bitgo,badger dao,tbadger
1inch,bitgo,1inch,t1inch
perp,bitgo,perpetual protocol,tperp
cream,bitgo,cream finance,tcream
sxp,bitgo,swipe,tsxp
bat,bitgo,basic attention token,tbat
chz,bitgo,chiliz,tchz
zrx,bitgo,0x,tzrx
snx,bitgo,synthetix,tsnx
lrc,bitgo,loopring,tlrc
aave,bitgo,aave,taave
bnt,bitgo,bancor,tbnt
grt,bitgo,the graph,tgrt
busd,bitgo,binance usd,tbusd
tusd,bitgo,trueusd,ttusd
cro,bitgo,crypto.com coin,tcro
ftt,bitgo,ftx token,tftt
leo,bitgo,unus sed leo,tleo
ht,bitgo,huobi token,tht
cel,bitgo,celsius,tcel
audio,bitgo,audius,taudio
band,bitgo,band protocol,tband
dodo,bitgo,dodo,tdodo
knc,bitgo,kyber network,tknc
bal,bitgo,balancer,tbal
mith,bitgo,mithril,tmith
mtl,bitgo,metal,tmtl
omg,bitgo,omg network,tomg
storj,bitgo,storj,tstorj
alpha,bitgo,alpha finance lab,talpha
dent,bitgo,dent,tdent
hxro,bitgo,hxro,thxro
loom,bitgo,loom network,tloom
orbs,bitgo,orbs,torbs
paxg,bitgo,pax gold,tpaxg
slp,bitgo,smooth love potion,tslp
wbtc,bitgo,wrapped bitcoin,twbtc
yfii,bitgo,dfi.money,tyfii
luna,bitgo,terra,tluna
egld,bitgo,elrond,tegld
oxy,bitgo,oxygen,toxy
pundix,bitgo,pundi x (new),tpundix
algo,bitgo,algorand,talgo
eos,bitgo,eos,teos
bch,bitgo,bitcoin cash,tbch
xlm,bitgo,stellar,txlm
trx,bitgo,tron,ttrx
hbar,bitgo,hedera,thbar
xtz,bitgo,tezos,txtz
avax,bitgo,avalanche,tavax
cusd,bitgo,celo dollar,tcusd
amp,bitgo,amp,tamp
dydx,bitgo,dydx,tdydx
ocean,bitgo,ocean protocol,tocean
mana,bitgo,decentraland,tmana
gala,bitgo,gala,tgala
rook,fireblocks,keeperdao,trook
gno,bitgo,gnosis,tgno
uma,bitgo,uma,tuma
usdp,fireblocks,pax dollar,tusdp
chr,fireblocks,chromia,tchr
okb,fireblocks,okb,tokb
nexo,bitgo,nexo,tnexo
ray,fireblocks,raydium,tray
rsr,fireblocks,reserve rights,trsr
skl,bitgo,skale,tskl
akro,fireblocks,akropolis,takro
alice,fireblocks,myneighboralice,talice
ampl,fireblocks,ampleforth,tampl
cvc,fireblocks,civic,tcvc
front,fireblocks,frontier,tfront
prom,fireblocks,prometeus,tprom
qkc,fireblocks,quarkchain,tqkc
ramp,fireblocks,ramp,tramp
renbtc,fireblocks,renbtc,trenbtc
stmx,fireblocks,stormx,tstmx
vgx,fireblocks,voyager token,tvgx
xaut,fireblocks,tether gold,txaut
husd,fireblocks,husd,thusd
alcx,fireblocks,alchemix,talcx
cqt,bitgo,covalent,tcqt
ens,bitgo,ethereum name service,tens
imx,fireblocks,immutable x,timx
aleph,fireblocks,aleph.im,taleph
boba,fireblocks,boba network,tboba
reef,fireblocks,reef,treef
spell,fireblocks,spell token,tspell
waves,fireblocks,waves,twaves
rune,fireblocks,thorchain,trune
clv,bitgo,clover finance,tclv
gods,bitgo,gods unchained,tgods
ren,fireblocks,ren,tren
rndr,bitgo,render token,trndr
bico,bitgo,biconomy,tbico
bit,bitgo,bitdao,tbit
etc,fireblocks,ethereum classic,tetc
doge,fireblocks,dogecoin,tdoge
ada,fireblocks,cardano,tada
dot,fireblocks,polkadot,tdot
bnb,fireblocks,bnb,tbnb
ust,fireblocks,terrausd,tust
bsv,fireblocks,bitcoin sv,tbsv
sol,fireblocks,solana,tsol
atom,fireblocks,cosmos,tatom
xem,fireblocks,nem,txem
fil,fireblocks,filecoin,tfil
joe,fireblocks,joe,tjoe
