name,code,icon_url,precision,fiat_precision,block_explorer,minimum_confirmations,minimum_amount,exchange_warning_minimum
Polygon,matic,https://static.rain-test.com/icons/currencies/MATIC.png,8,2,https://kovan.etherscan.io/tx/,35,0.01000000000000000000000000000000,-1000000.00000000000000000000000000000000
Axie Infinity,axs,https://static.rain-test.com/icons/currencies/AXS.png,8,2,https://kovan.etherscan.io/tx/,35,0.01000000000000000000000000000000,-1000000.00000000000000000000000000000000
SushiSwap,sushi,https://static.rain-test.com/icons/currencies/SUSHI.png,8,2,https://kovan.etherscan.io/tx/,35,0.01000000000000000000000000000000,-1000000.00000000000000000000000000000000
yearn.finance,yfi,https://static.rain-test.com/icons/currencies/YFI.png,8,2,https://kovan.etherscan.io/tx/,35,0.00100000000000000000000000000000,-1000000.00000000000000000000000000000000
Dai,dai,https://static.rain-test.com/icons/currencies/DAI.png,8,2,https://kovan.etherscan.io/tx/,35,0.01000000000000000000000000000000,-1000000.00000000000000000000000000000000
Enjin Coin,enj,https://static.rain-test.com/icons/currencies/ENJ.png,8,2,https://kovan.etherscan.io/tx/,35,0.01000000000000000000000000000000,-1000000.00000000000000000000000000000000
The Sandbox,sand,https://static.rain-test.com/icons/currencies/SAND.png,8,2,https://kovan.etherscan.io/tx/,35,0.01000000000000000000000000000000,-1000000.00000000000000000000000000000000
Maker,mkr,https://static.rain-test.com/icons/currencies/MKR.png,8,2,https://kovan.etherscan.io/tx/,35,0.00100000000000000000000000000000,-1000000.00000000000000000000000000000000
Shiba Inu,shib,https://static.rain-test.com/icons/currencies/SHIB.png,8,8,https://kovan.etherscan.io/tx/,35,0.01000000000000000000000000000000,-1000000.00000000000000000000000000000000
Curve DAO Token,crv,https://static.rain-test.com/icons/currencies/CRV.png,8,2,https://kovan.etherscan.io/tx/,35,0.01000000000000000000000000000000,-1000000.00000000000000000000000000000000
Fantom,ftm,https://static.rain-test.com/icons/currencies/FTM.png,8,2,https://kovan.etherscan.io/tx/,35,0.01000000000000000000000000000000,-1000000.00000000000000000000000000000000
Badger DAO,badger,https://static.rain-test.com/icons/currencies/BADGER.png,8,2,https://kovan.etherscan.io/tx/,35,0.01000000000000000000000000000000,-1000000.00000000000000000000000000000000
1inch Network,1inch,https://static.rain-test.com/icons/currencies/1INCH.png,8,2,https://kovan.etherscan.io/tx/,35,0.01000000000000000000000000000000,-1000000.00000000000000000000000000000000
Perpetual Protocol,perp,https://static.rain-test.com/icons/currencies/PERP.png,8,2,https://kovan.etherscan.io/tx/,35,0.01000000000000000000000000000000,-1000000.00000000000000000000000000000000
Cream Finance,cream,https://static.rain-test.com/icons/currencies/CREAM.png,8,2,https://kovan.etherscan.io/tx/,35,0.01000000000000000000000000000000,-1000000.00000000000000000000000000000000
Swipe,sxp,https://static.rain-test.com/icons/currencies/SXP.png,8,2,https://kovan.etherscan.io/tx/,35,0.01000000000000000000000000000000,-1000000.00000000000000000000000000000000
Basic Attention Token,bat,https://static.rain-test.com/icons/currencies/BAT.png,8,4,https://kovan.etherscan.io/tx/,35,0.01000000000000000000000000000000,-1000000.00000000000000000000000000000000
Chiliz,chz,https://static.rain-test.com/icons/currencies/CHZ.png,8,4,https://kovan.etherscan.io/tx/,35,0.01000000000000000000000000000000,-1000000.00000000000000000000000000000000
0x,zrx,https://static.rain-test.com/icons/currencies/ZRX.png,8,4,https://kovan.etherscan.io/tx/,35,0.01000000000000000000000000000000,-1000000.00000000000000000000000000000000
Synthetix,snx,https://static.rain-test.com/icons/currencies/SNX.png,8,2,https://kovan.etherscan.io/tx/,35,0.01000000000000000000000000000000,-1000000.00000000000000000000000000000000
Loopring,lrc,https://static.rain-test.com/icons/currencies/LRC.png,8,2,https://kovan.etherscan.io/tx/,35,0.01000000000000000000000000000000,-1000000.00000000000000000000000000000000
Aave,aave,https://static.rain-test.com/icons/currencies/AAVE.png,8,2,https://kovan.etherscan.io/tx/,35,0.01000000000000000000000000000000,-1000000.00000000000000000000000000000000
Bancor,bnt,https://static.rain-test.com/icons/currencies/BNT.png,8,2,https://kovan.etherscan.io/tx/,35,0.01000000000000000000000000000000,-1000000.00000000000000000000000000000000
The Graph,grt,https://static.rain-test.com/icons/currencies/GRT.png,8,4,https://kovan.etherscan.io/tx/,35,0.01000000000000000000000000000000,-1000000.00000000000000000000000000000000
Binance USD,busd,https://static.rain-test.com/icons/currencies/BUSD.png,8,2,https://kovan.etherscan.io/tx/,35,0.01000000000000000000000000000000,-1000000.00000000000000000000000000000000
TrueUSD,tusd,https://static.rain-test.com/icons/currencies/TUSD.png,8,2,https://kovan.etherscan.io/tx/,35,0.01000000000000000000000000000000,-1000000.00000000000000000000000000000000
Crypto.com Coin,cro,https://static.rain-test.com/icons/currencies/CRO.png,8,4,https://kovan.etherscan.io/tx/,35,0.01000000000000000000000000000000,-1000000.00000000000000000000000000000000
FTX Token,ftt,https://static.rain-test.com/icons/currencies/FTT.png,8,2,https://kovan.etherscan.io/tx/,35,0.01000000000000000000000000000000,-1000000.00000000000000000000000000000000
UNUS SED LEO,leo,https://static.rain-test.com/icons/currencies/LEO.png,8,2,https://kovan.etherscan.io/tx/,35,0.01000000000000000000000000000000,-1000000.00000000000000000000000000000000
Huobi Token,ht,https://static.rain-test.com/icons/currencies/HT.png,8,2,https://kovan.etherscan.io/tx/,35,0.01000000000000000000000000000000,-1000000.00000000000000000000000000000000
Celsius,cel,https://static.rain-test.com/icons/currencies/CEL.png,8,2,https://kovan.etherscan.io/tx/,35,0.01000000000000000000000000000000,-1000000.00000000000000000000000000000000
Audius,audio,https://static.rain-test.com/icons/currencies/AUDIO.png,8,4,https://kovan.etherscan.io/tx/,35,0.01000000000000000000000000000000,-1000000.00000000000000000000000000000000
Band Protocol,band,https://static.rain-test.com/icons/currencies/BAND.png,8,2,https://kovan.etherscan.io/tx/,35,0.01000000000000000000000000000000,-1000000.00000000000000000000000000000000
DODO,dodo,https://static.rain-test.com/icons/currencies/DODO.png,8,4,https://kovan.etherscan.io/tx/,35,0.01000000000000000000000000000000,-1000000.00000000000000000000000000000000
Kyber Network Crystal v2,knc,https://static.rain-test.com/icons/currencies/KNC.png,8,2,https://kovan.etherscan.io/tx/,35,0.01000000000000000000000000000000,-1000000.00000000000000000000000000000000
Balancer,bal,https://static.rain-test.com/icons/currencies/BAL.png,8,2,https://kovan.etherscan.io/tx/,35,0.01000000000000000000000000000000,-1000000.00000000000000000000000000000000
Mithril,mith,https://static.rain-test.com/icons/currencies/MITH.png,8,5,https://kovan.etherscan.io/tx/,35,0.01000000000000000000000000000000,-1000000.00000000000000000000000000000000
OMG Network,omg,https://static.rain-test.com/icons/currencies/OMG.png,8,2,https://kovan.etherscan.io/tx/,35,0.01000000000000000000000000000000,-1000000.00000000000000000000000000000000
Storj,storj,https://static.rain-test.com/icons/currencies/STORJ.png,8,2,https://kovan.etherscan.io/tx/,35,0.01000000000000000000000000000000,-1000000.00000000000000000000000000000000
Alpha Finance Lab,alpha,https://static.rain-test.com/icons/currencies/ALPHA.png,8,4,https://kovan.etherscan.io/tx/,35,0.01000000000000000000000000000000,-1000000.00000000000000000000000000000000
Dent,dent,https://static.rain-test.com/icons/currencies/DENT.png,8,6,https://kovan.etherscan.io/tx/,35,0.01000000000000000000000000000000,-1000000.00000000000000000000000000000000
Hxro,hxro,https://static.rain-test.com/icons/currencies/HXRO.png,8,4,https://kovan.etherscan.io/tx/,35,0.01000000000000000000000000000000,-1000000.00000000000000000000000000000000
Loom Network,loom,https://static.rain-test.com/icons/currencies/LOOM.png,8,5,https://kovan.etherscan.io/tx/,35,0.01000000000000000000000000000000,-1000000.00000000000000000000000000000000
Orbs,orbs,https://static.rain-test.com/icons/currencies/ORBS.png,8,5,https://kovan.etherscan.io/tx/,35,0.01000000000000000000000000000000,-1000000.00000000000000000000000000000000
PAX Gold,paxg,https://static.rain-test.com/icons/currencies/PAXG.png,8,2,https://kovan.etherscan.io/tx/,35,0.00100000000000000000000000000000,-1000000.00000000000000000000000000000000
Smooth Love Potion,slp,https://static.rain-test.com/icons/currencies/SLP.png,8,5,https://kovan.etherscan.io/tx/,35,0.01000000000000000000000000000000,-1000000.00000000000000000000000000000000
Wrapped Bitcoin,wbtc,https://static.rain-test.com/icons/currencies/WBTC.png,8,2,https://kovan.etherscan.io/tx/,35,0.00100000000000000000000000000000,-1000000.00000000000000000000000000000000
DFI.Money,yfii,https://static.rain-test.com/icons/currencies/YFII.png,8,2,https://kovan.etherscan.io/tx/,35,0.00100000000000000000000000000000,-1000000.00000000000000000000000000000000
Terra,luna,https://static.rain-test.com/icons/currencies/LUNA.png,8,2,https://kovan.etherscan.io/tx/,35,0.01000000000000000000000000000000,-1000000.00000000000000000000000000000000
Elrond,egld,https://static.rain-test.com/icons/currencies/EGLD.png,8,2,https://kovan.etherscan.io/tx/,35,0.01000000000000000000000000000000,-1000000.00000000000000000000000000000000
Oxygen,oxy,https://static.rain-test.com/icons/currencies/OXY.png,8,4,https://kovan.etherscan.io/tx/,35,0.01000000000000000000000000000000,-1000000.00000000000000000000000000000000
Pundi X (New),pundix,https://static.rain-test.com/icons/currencies/PUNDIX.png,8,4,https://kovan.etherscan.io/tx/,35,0.01000000000000000000000000000000,-1000000.00000000000000000000000000000000
Algorand,algo,https://static.rain-test.com/icons/currencies/ALGO.png,6,4,https://testnet.algoexplorer.io/tx,1,0.01000000000000000000000000000000,-1000000.00000000000000000000000000000000
EOS,eos,https://static.rain-test.com/icons/currencies/EOS.png,4,2,https://testnet.eos.io/tx,1,0.01000000000000000000000000000000,-1000000.00000000000000000000000000000000
Bitcoin Cash,bch,https://static.rain-test.com/icons/currencies/BCH.png,8,2,https://blockexplorer.one/bitcoin-cash/testnet/tx/,3,0.01000000000000000000000000000000,-1000000.00000000000000000000000000000000
Stellar,xlm,https://static.rain-test.com/icons/currencies/XLM.png,7,4,https://stellar.expert/explorer/testnet/tx/,1,0.01000000000000000000000000000000,-1000000.00000000000000000000000000000000
TRON,trx,https://static.rain-test.com/icons/currencies/TRX.png,6,5,https://shasta.tronscan.org/#/transaction/,20,0.01000000000000000000000000000000,-1000000.00000000000000000000000000000000
Hedera,hbar,https://static.rain-test.com/icons/currencies/HBAR.png,8,4,https://testnet.dragonglass.me/transactions/,60,0.01000000000000000000000000000000,-1000000.00000000000000000000000000000000
Tezos,xtz,https://static.rain-test.com/icons/currencies/XTZ.png,6,2,https://granadanet.tzkt.io/,60,0.01000000000000000000000000000000,-1000000.00000000000000000000000000000000
Avalanche,avax,https://static.rain-test.com/icons/currencies/AVAX.png,6,2,https://testnet.snowtrace.io/tx,35,0.01000000000000000000000000000000,-1000000.00000000000000000000000000000000
Celo Dollar,cusd,https://static.rain-test.com/icons/currencies/CUSD.png,8,4,https://kovan.etherscan.io/tx/,35,0.01000000000000000000000000000000,-1000000.00000000000000000000000000000000
Amp,amp,https://static.rain-test.com/icons/currencies/AMP.png,8,5,https://kovan.etherscan.io/tx/,35,0.01000000000000000000000000000000,-1000000.00000000000000000000000000000000
dYdX,dydx,https://static.rain-test.com/icons/currencies/DYDX.png,8,2,https://kovan.etherscan.io/tx/,35,0.01000000000000000000000000000000,-1000000.00000000000000000000000000000000
Ocean Protocol,ocean,https://static.rain-test.com/icons/currencies/OCEAN.png,8,4,https://kovan.etherscan.io/tx/,35,0.01000000000000000000000000000000,-1000000.00000000000000000000000000000000
Gala,gala,https://static.rain-test.com/icons/currencies/GALA.png,8,4,https://kovan.etherscan.io/tx/,35,0.01000000000000000000000000000000,-1000000.00000000000000000000000000000000
KeeperDAO,rook,https://static.rain-test.com/icons/currencies/ROOK.png,8,2,https://kovan.etherscan.io/tx/,35,0.01000000000000000000000000000000,-1000000.00000000000000000000000000000000
Gnosis,gno,https://static.rain-test.com/icons/currencies/GNO.png,8,8,https://kovan.etherscan.io/tx/,35,0.01000000000000000000000000000000,-1000000.00000000000000000000000000000000
UMA,uma,https://static.rain-test.com/icons/currencies/UMA.png,8,2,https://kovan.etherscan.io/tx/,35,0.01000000000000000000000000000000,-1000000.00000000000000000000000000000000
Pax Dollar,usdp,https://static.rain-test.com/icons/currencies/USDP.png,8,2,https://kovan.etherscan.io/tx/,35,0.01000000000000000000000000000000,-1000000.00000000000000000000000000000000
Chromia,chr,https://static.rain-test.com/icons/currencies/CHR.png,8,4,https://kovan.etherscan.io/tx/,35,0.01000000000000000000000000000000,-1000000.00000000000000000000000000000000
OKB,okb,https://static.rain-test.com/icons/currencies/OKB.png,8,2,https://kovan.etherscan.io/tx/,35,0.01000000000000000000000000000000,-1000000.00000000000000000000000000000000
Nexo,nexo,https://static.rain-test.com/icons/currencies/NEXO.png,8,2,https://kovan.etherscan.io/tx/,35,0.01000000000000000000000000000000,-1000000.00000000000000000000000000000000
Raydium,ray,https://static.rain-test.com/icons/currencies/RAY.png,8,2,https://kovan.etherscan.io/tx/,35,0.01000000000000000000000000000000,-1000000.00000000000000000000000000000000
Reserve Rights,rsr,https://static.rain-test.com/icons/currencies/RSR.png,8,5,https://kovan.etherscan.io/tx/,35,0.01000000000000000000000000000000,-1000000.00000000000000000000000000000000
SKALE Network,skl,https://static.rain-test.com/icons/currencies/SKL.png,8,4,https://kovan.etherscan.io/tx/,35,0.01000000000000000000000000000000,-1000000.00000000000000000000000000000000
Akropolis,akro,https://static.rain-test.com/icons/currencies/AKRO.png,8,5,https://kovan.etherscan.io/tx/,35,0.01000000000000000000000000000000,-1000000.00000000000000000000000000000000
MyNeighborAlice,alice,https://static.rain-test.com/icons/currencies/ALICE.png,8,2,https://kovan.etherscan.io/tx/,35,0.01000000000000000000000000000000,-1000000.00000000000000000000000000000000
Ampleforth,ampl,https://static.rain-test.com/icons/currencies/AMPL.png,8,4,https://kovan.etherscan.io/tx/,35,0.01000000000000000000000000000000,-1000000.00000000000000000000000000000000
Civic,cvc,https://static.rain-test.com/icons/currencies/CVC.png,8,4,https://kovan.etherscan.io/tx/,35,0.01000000000000000000000000000000,-1000000.00000000000000000000000000000000
Frontier,front,https://static.rain-test.com/icons/currencies/FRONT.png,8,4,https://kovan.etherscan.io/tx/,35,0.01000000000000000000000000000000,-1000000.00000000000000000000000000000000
Prometeus,prom,https://static.rain-test.com/icons/currencies/PROM.png,8,2,https://kovan.etherscan.io/tx/,35,0.01000000000000000000000000000000,-1000000.00000000000000000000000000000000
QuarkChain,qkc,https://static.rain-test.com/icons/currencies/QKC.png,8,5,https://kovan.etherscan.io/tx/,35,0.01000000000000000000000000000000,-1000000.00000000000000000000000000000000
RAMP,ramp,https://static.rain-test.com/icons/currencies/RAMP.png,8,5,https://kovan.etherscan.io/tx/,35,0.01000000000000000000000000000000,-1000000.00000000000000000000000000000000
renBTC,renbtc,https://static.rain-test.com/icons/currencies/RENBTC.png,8,2,https://kovan.etherscan.io/tx/,35,0.00010000000000000000000000000000,-1000000.00000000000000000000000000000000
StormX,stmx,https://static.rain-test.com/icons/currencies/STMX.png,8,5,https://kovan.etherscan.io/tx/,35,0.01000000000000000000000000000000,-1000000.00000000000000000000000000000000
Voyager Token,vgx,https://static.rain-test.com/icons/currencies/VGX.png,8,2,https://kovan.etherscan.io/tx/,35,0.01000000000000000000000000000000,-1000000.00000000000000000000000000000000
Bitcoin,btc,https://static.rain-test.com/icons/currencies/BTC.png,8,2,https://live.blockcypher.com/btc-testnet/tx/,3,0.00100000000000000000000000000000,-1000000.00000000000000000000000000000000
Ethereum,eth,https://static.rain-test.com/icons/currencies/ETH.png,8,2,https://kovan.etherscan.io/tx/,35,0.00100000000000000000000000000000,-1000000.00000000000000000000000000000000
Litecoin,ltc,https://static.rain-test.com/icons/currencies/LTC.png,8,2,https://chain.so/tx/LTCTEST/,6,0.01000000000000000000000000000000,-1000000.00000000000000000000000000000000
Tether,usdt,https://static.rain-test.com/icons/currencies/USDT.png,6,3,https://kovan.etherscan.io/tx/,35,0.01000000000000000000000000000000,-1000000.00000000000000000000000000000000
Chainlink,link,https://static.rain-test.com/icons/currencies/LINK.png,8,2,https://kovan.etherscan.io/tx/,35,0.01000000000000000000000000000000,-1000000.00000000000000000000000000000000
XRP,xrp,https://static.rain-test.com/icons/currencies/XRP.png,6,4,https://test.bithomp.com/explorer/,1,0.01000000000000000000000000000000,-1000000.00000000000000000000000000000000
Uniswap,uni,https://static.rain-test.com/icons/currencies/UNI.png,8,2,https://kovan.etherscan.io/tx/,35,0.01000000000000000000000000000000,-1000000.00000000000000000000000000000000
Compound,comp,https://static.rain-test.com/icons/currencies/COMP.png,8,2,https://kovan.etherscan.io/tx/,35,0.01000000000000000000000000000000,-1000000.00000000000000000000000000000000
Tether Gold,xaut,https://static.rain-test.com/icons/currencies/XAUT.png,8,2,https://kovan.etherscan.io/tx/,35,0.00010000000000000000000000000000,-1000000.00000000000000000000000000000000
HUSD,husd,https://static.rain-test.com/icons/currencies/HUSD.png,8,4,https://kovan.etherscan.io/tx/,35,0.01000000000000000000000000000000,-1000000.00000000000000000000000000000000
Alchemix,alcx,https://static.rain-test.com/icons/currencies/ALCX.png,8,2,https://kovan.etherscan.io/tx/,35,0.01000000000000000000000000000000,-1000000.00000000000000000000000000000000
Covalent,cqt,https://static.rain-test.com/icons/currencies/CQT.png,8,4,https://kovan.etherscan.io/tx/,35,0.01000000000000000000000000000000,-1000000.00000000000000000000000000000000
Ethereum Name Service,ens,https://static.rain-test.com/icons/currencies/ENS.png,8,2,https://kovan.etherscan.io/tx/,35,0.01000000000000000000000000000000,-1000000.00000000000000000000000000000000
Immutable X,imx,https://static.rain-test.com/icons/currencies/IMX.png,8,2,https://kovan.etherscan.io/tx/,35,0.01000000000000000000000000000000,-1000000.00000000000000000000000000000000
Aleph.im,aleph,https://static.rain-test.com/icons/currencies/ALEPH.png,8,4,https://kovan.etherscan.io/tx/,35,0.01000000000000000000000000000000,-1000000.00000000000000000000000000000000
Boba Network,boba,https://static.rain-test.com/icons/currencies/BOBA.png,8,2,https://kovan.etherscan.io/tx/,35,0.01000000000000000000000000000000,-1000000.00000000000000000000000000000000
Reef,reef,https://static.rain-test.com/icons/currencies/REEF.png,8,6,https://kovan.etherscan.io/tx/,35,0.01000000000000000000000000000000,-1000000.00000000000000000000000000000000
Spell Token,spell,https://static.rain-test.com/icons/currencies/SPELL.png,8,6,https://kovan.etherscan.io/tx/,35,0.01000000000000000000000000000000,-1000000.00000000000000000000000000000000
NEM,xem,https://static.rain-test.com/icons/currencies/XEM.png,6,5,https://testnet-explorer.nemtool.com/#/s_tx?hash=,60,0.01000000000000000000000000000000,-1000000.00000000000000000000000000000000
Filecoin,fil,https://static.rain-test.com/icons/currencies/FIL.png,17,2,https://calibration.filscan.io/tipset/chain?hash=,60,0.01000000000000000000000000000000,-1000000.00000000000000000000000000000000
JOE,joe,https://static.rain-test.com/icons/currencies/JOE.png,8,9,https://kovan.etherscan.io/tx/,60,0.01000000000000000000000000000000,-1000000.00000000000000000000000000000000
USD Coin,usdc,https://static.rain-test.com/icons/currencies/USDC.png,8,4,https://kovan.etherscan.io/tx/,35,0.01000000000000000000000000000000,-1000000.00000000000000000000000000000000
Metal,mtl,https://static.rain-test.com/icons/currencies/MTL.png,8,2,https://kovan.etherscan.io/tx/,35,0.01000000000000000000000000000000,-1000000.00000000000000000000000000000000
Decentraland,mana,https://static.rain-test.com/icons/currencies/MANA.png,8,1,https://kovan.etherscan.io/tx/,35,0.01000000000000000000000000000000,-1000000.00000000000000000000000000000000
Waves,waves,https://static.rain-test.com/icons/currencies/WAVES.png,8,2,https://kovan.etherscan.io/tx/,35,0.01000000000000000000000000000000,-1000000.00000000000000000000000000000000
THORChain,rune,https://static.rain-test.com/icons/currencies/RUNE.png,8,2,https://kovan.etherscan.io/tx/,35,0.01000000000000000000000000000000,-1000000.00000000000000000000000000000000
Clover Finance,clv,https://static.rain-test.com/icons/currencies/CLV.png,8,4,https://kovan.etherscan.io/tx/,35,0.01000000000000000000000000000000,-1000000.00000000000000000000000000000000
Gods Unchained,gods,https://static.rain-test.com/icons/currencies/GODS.png,8,2,https://kovan.etherscan.io/tx/,35,0.01000000000000000000000000000000,-1000000.00000000000000000000000000000000
Ren,ren,https://static.rain-test.com/icons/currencies/REN.png,8,4,https://kovan.etherscan.io/tx/,35,0.01000000000000000000000000000000,-1000000.00000000000000000000000000000000
Render Token,rndr,https://static.rain-test.com/icons/currencies/RNDR.png,8,2,https://kovan.etherscan.io/tx/,35,0.01000000000000000000000000000000,-1000000.00000000000000000000000000000000
Biconomy,bico,https://static.rain-test.com/icons/currencies/BICO.png,8,2,https://kovan.etherscan.io/tx/,35,0.01000000000000000000000000000000,-1000000.00000000000000000000000000000000
BitDAO,bit,https://static.rain-test.com/icons/currencies/BIT.png,8,2,https://kovan.etherscan.io/tx/,35,0.01000000000000000000000000000000,-1000000.00000000000000000000000000000000
Ethereum Classic,etc,https://static.rain-test.com/icons/currencies/ETC.png,8,2,https://kovan.etherscan.io/tx/,35,0.01000000000000000000000000000000,-1000000.00000000000000000000000000000000
Dogecoin,doge,https://static.rain-test.com/icons/currencies/DOGE.png,8,4,https://blockexplorer.one/dogecoin/testnet/tx/,60,0.01000000000000000000000000000000,-1000000.00000000000000000000000000000000
Cardano,ada,https://static.rain-test.com/icons/currencies/ADA.png,6,2,https://testnet.cardanoscan.io/transaction/,10,0.01000000000000000000000000000000,-1000000.00000000000000000000000000000000
Polkadot,dot,https://static.rain-test.com/icons/currencies/DOT.png,10,2,https://telemetry.polkadot.io/#list/,10,0.01000000000000000000000000000000,-1000000.00000000000000000000000000000000
BNB,bnb,https://static.rain-test.com/icons/currencies/BNB.png,8,2,https://testnet.bscscan.com/tx/,35,0.01000000000000000000000000000000,-1000000.00000000000000000000000000000000
TerraUSD,ust,https://static.rain-test.com/icons/currencies/UST.png,6,4,https://finder.terra.money/testnet/tx/,35,0.01000000000000000000000000000000,-1000000.00000000000000000000000000000000
Bitcoin SV,bsv,https://static.rain-test.com/icons/currencies/BSV.png,8,2,https://testnet.bitcoincloud.net/tx/,3,0.01000000000000000000000000000000,-1000000.00000000000000000000000000000000
Solana,sol,https://static.rain-test.com/icons/currencies/SOL.png,9,1,https://explorer.solana.com/tx/,31,0.01000000000000000000000000000000,-1000000.00000000000000000000000000000000
Cosmos,atom,https://static.rain-test.com/icons/currencies/ATOM.png,8,2,https://gaia.bigdipper.live/transaction/,1,0.01000000000000000000000000000000,-1000000.00000000000000000000000000000000
